symbol,timestamp,open,high,low,close,volume,trade_count,vwap
GDXU,2025-12-10 09:30:00-05:00,210.62,211.56,209.35,209.4464,10680.0,192.0,210.580965
GDXU,2025-12-10 09:31:00-05:00,210.8482,213.525,210.8482,213.525,11072.0,176.0,212.885098
GDXU,2025-12-10 09:32:00-05:00,213.27,213.27,210.53,210.53,3100.0,58.0,212.316501
GDXU,2025-12-10 09:33:00-05:00,211.32,211.32,209.0,209.0,3027.0,83.0,209.343333
GDXU,2025-12-10 09:35:00-05:00,209.0,209.1092,208.31,209.1092,1931.0,46.0,208.751179
GDXU,2025-12-10 09:36:00-05:00,209.09,209.09,208.74,208.74,667.0,29.0,208.912581
GDXU,2025-12-10 09:37:00-05:00,210.0,210.0,210.0,210.0,1517.0,54.0,210.0
GDXU,2025-12-10 09:38:00-05:00,209.4439,209.4439,208.19,208.19,772.0,50.0,208.857965
GDXU,2025-12-10 09:39:00-05:00,208.03,208.03,207.3164,207.3164,3224.0,98.0,207.864548
GDXU,2025-12-10 09:40:00-05:00,209.215,210.6899,209.215,210.23,3246.0,48.0,210.614704
GDXU,2025-12-10 09:41:00-05:00,211.2519,211.2519,210.895,210.895,1729.0,41.0,211.06476
GDXU,2025-12-10 09:42:00-05:00,210.5156,210.5156,209.94,209.94,421.0,21.0,210.175902
GDXU,2025-12-10 09:43:00-05:00,210.0,210.0,209.54,209.54,621.0,30.0,209.77
GDXU,2025-12-10 09:45:00-05:00,210.7,211.2,210.575,210.73,2722.0,35.0,210.887481
GDXU,2025-12-10 09:46:00-05:00,210.96,211.12,210.73,210.73,1354.0,31.0,210.99109
GDXU,2025-12-10 09:47:00-05:00,211.29,212.0,211.29,211.8,1645.0,22.0,211.900833
GDXU,2025-12-10 09:49:00-05:00,211.89,211.89,211.89,211.89,394.0,23.0,211.89
GDXU,2025-12-10 09:50:00-05:00,213.1689,213.1689,213.1689,213.1689,433.0,25.0,213.1689
GDXU,2025-12-10 09:51:00-05:00,212.8,213.1132,212.79,212.79,868.0,43.0,212.892822
GDXU,2025-12-10 09:52:00-05:00,212.62,213.0,212.62,213.0,8928.0,57.0,212.958011
GDXU,2025-12-10 09:53:00-05:00,213.2461,213.2461,212.385,212.62,2677.0,95.0,212.656252
GDXU,2025-12-10 09:54:00-05:00,211.79,211.79,211.0,211.0,1093.0,40.0,211.444
GDXU,2025-12-10 09:56:00-05:00,210.4,210.4,210.207,210.32,6928.0,30.0,210.266906
GDXU,2025-12-10 09:59:00-05:00,210.3206,210.3206,210.3206,210.3206,673.0,15.0,210.3206
GDXU,2025-12-10 10:00:00-05:00,211.45,211.45,211.45,211.45,341.0,19.0,211.45
GDXU,2025-12-10 10:01:00-05:00,211.695,211.695,211.695,211.695,580.0,21.0,211.695
GDXU,2025-12-10 10:02:00-05:00,212.88,213.0,212.88,213.0,406.0,32.0,212.94
GDXU,2025-12-10 10:04:00-05:00,212.0,212.0,211.7,211.7,587.0,19.0,211.798892
GDXU,2025-12-10 10:05:00-05:00,212.12,212.12,212.12,212.12,747.0,18.0,212.12
GDXU,2025-12-10 10:06:00-05:00,211.975,211.975,211.97,211.97,547.0,19.0,211.972203
GDXU,2025-12-10 10:09:00-05:00,210.58,210.58,210.0,210.0,1653.0,33.0,210.128983
GDXU,2025-12-10 10:10:00-05:00,209.29,209.52,209.29,209.52,854.0,23.0,209.373736
GDXU,2025-12-10 10:11:00-05:00,209.52,209.52,209.3601,209.3601,1486.0,30.0,209.399321
GDXU,2025-12-10 10:12:00-05:00,210.0166,210.0166,210.0166,210.0166,278.0,9.0,210.0166
GDXU,2025-12-10 10:13:00-05:00,208.79,208.79,208.4451,208.48,1030.0,32.0,208.545618
GDXU,2025-12-10 10:14:00-05:00,207.51,207.51,205.98,205.98,2754.0,104.0,206.850412
GDXU,2025-12-10 10:15:00-05:00,205.71,206.132,205.55,205.825,3026.0,73.0,205.775004
GDXU,2025-12-10 10:16:00-05:00,205.66,205.66,203.2211,203.2211,8030.0,153.0,204.269776
GDXU,2025-12-10 10:17:00-05:00,203.22,204.18,202.85,203.11,5789.0,135.0,203.216327
GDXU,2025-12-10 10:18:00-05:00,203.1808,203.45,202.955,203.0,3391.0,55.0,203.188491
GDXU,2025-12-10 10:19:00-05:00,203.54,203.54,202.62,203.2617,2454.0,66.0,203.139329
GDXU,2025-12-10 10:20:00-05:00,203.31,203.53,202.3,203.0,22152.0,130.0,203.004577
GDXU,2025-12-10 10:21:00-05:00,203.2,204.2374,202.85,203.775,1948.0,56.0,203.877798
GDXU,2025-12-10 10:22:00-05:00,203.91,204.2905,203.91,204.2905,773.0,41.0,204.10025
GDXU,2025-12-10 10:23:00-05:00,204.73,204.75,203.9484,203.9484,2546.0,52.0,204.282703
GDXU,2025-12-10 10:24:00-05:00,203.96,203.96,203.463,203.93,2040.0,40.0,203.876636
GDXU,2025-12-10 10:25:00-05:00,203.8,204.15,203.8,203.8,1794.0,38.0,203.914098
GDXU,2025-12-10 10:26:00-05:00,203.66,203.7899,203.442,203.442,3505.0,62.0,203.707159
GDXU,2025-12-10 10:27:00-05:00,203.5,203.5,203.22,203.24,944.0,27.0,203.289
GDXU,2025-12-10 10:28:00-05:00,203.07,203.9045,203.0,203.9045,1592.0,38.0,203.415773
GDXU,2025-12-10 10:29:00-05:00,204.29,204.89,204.14,204.89,10979.0,40.0,204.754066
GDXU,2025-12-10 10:30:00-05:00,205.125,205.27,205.0,205.27,2150.0,34.0,205.116024
GDXU,2025-12-10 10:31:00-05:00,206.07,206.48,206.07,206.48,818.0,26.0,206.249508
GDXU,2025-12-10 10:32:00-05:00,206.1527,206.1527,205.38,205.995,1941.0,29.0,205.811534
GDXU,2025-12-10 10:34:00-05:00,206.4745,206.4745,205.99,206.0,2107.0,25.0,206.155109
GDXU,2025-12-10 10:35:00-05:00,206.4,206.4,206.4,206.4,721.0,18.0,206.4
GDXU,2025-12-10 10:36:00-05:00,207.0661,208.29,207.0661,208.29,1733.0,20.0,207.548753
GDXU,2025-12-10 10:37:00-05:00,208.03,208.09,208.03,208.09,790.0,26.0,208.06
GDXU,2025-12-10 10:38:00-05:00,208.0,208.28,207.6602,207.6602,1328.0,22.0,208.0242
GDXU,2025-12-10 10:39:00-05:00,207.57,208.29,207.4851,208.29,1876.0,33.0,207.959412
GDXU,2025-12-10 10:40:00-05:00,208.29,208.29,208.1711,208.1711,511.0,21.0,208.237156
GDXU,2025-12-10 10:41:00-05:00,207.92,209.0,207.92,209.0,477.0,18.0,208.691429
GDXU,2025-12-10 10:42:00-05:00,209.33,209.33,209.33,209.33,317.0,17.0,209.33
GDXU,2025-12-10 10:45:00-05:00,208.5,208.71,208.5,208.71,326.0,8.0,208.584
GDXU,2025-12-10 10:46:00-05:00,208.55,208.55,208.55,208.55,139.0,6.0,208.55
GDXU,2025-12-10 10:47:00-05:00,208.71,208.71,208.71,208.71,469.0,14.0,208.71
GDXU,2025-12-10 10:49:00-05:00,209.0,209.0,209.0,209.0,541.0,10.0,209.0
GDXU,2025-12-10 10:50:00-05:00,208.71,208.71,208.71,208.71,144.0,5.0,208.71
GDXU,2025-12-10 10:51:00-05:00,209.53,209.53,209.43,209.43,1180.0,14.0,209.51997
GDXU,2025-12-10 10:52:00-05:00,208.66,208.66,208.66,208.66,218.0,12.0,208.66
GDXU,2025-12-10 10:53:00-05:00,208.6,208.6,208.6,208.6,118.0,5.0,208.6
GDXU,2025-12-10 10:55:00-05:00,208.0945,208.0945,207.86,207.86,671.0,11.0,208.0476
GDXU,2025-12-10 10:56:00-05:00,207.65,208.22,207.48,208.22,2138.0,30.0,207.966274
GDXU,2025-12-10 10:58:00-05:00,209.78,209.8,209.78,209.8,1036.0,17.0,209.79529
GDXU,2025-12-10 11:01:00-05:00,210.27,210.27,210.27,210.27,135.0,7.0,210.27
GDXU,2025-12-10 11:02:00-05:00,210.16,210.16,210.16,210.16,639.0,19.0,210.16
GDXU,2025-12-10 11:03:00-05:00,210.16,210.16,210.16,210.16,143.0,9.0,210.16
GDXU,2025-12-10 11:04:00-05:00,210.1043,210.1043,210.1043,210.1043,696.0,23.0,210.1043
GDXU,2025-12-10 11:07:00-05:00,211.05,211.05,211.05,211.05,511.0,17.0,211.05
GDXU,2025-12-10 11:08:00-05:00,210.6,210.7027,210.6,210.7027,318.0,10.0,210.65135
GDXU,2025-12-10 11:09:00-05:00,211.1,211.257,211.1,211.257,365.0,10.0,211.152333
GDXU,2025-12-10 11:10:00-05:00,210.815,210.815,210.39,210.39,619.0,13.0,210.49625
GDXU,2025-12-10 11:13:00-05:00,211.0,211.0,211.0,211.0,366.0,14.0,211.0
GDXU,2025-12-10 11:16:00-05:00,211.49,211.49,211.14,211.14,1246.0,17.0,211.457623
GDXU,2025-12-10 11:17:00-05:00,211.99,212.2,211.99,212.2,1314.0,36.0,212.0475
GDXU,2025-12-10 11:18:00-05:00,212.2,212.45,212.2,212.45,603.0,16.0,212.317315
GDXU,2025-12-10 11:20:00-05:00,212.43,212.6066,212.43,212.6066,1015.0,18.0,212.56245
GDXU,2025-12-10 11:21:00-05:00,212.54,212.54,212.54,212.54,431.0,5.0,212.54
GDXU,2025-12-10 11:22:00-05:00,211.645,211.645,211.645,211.645,363.0,21.0,211.645
GDXU,2025-12-10 11:23:00-05:00,212.275,212.275,212.275,212.275,152.0,12.0,212.275
GDXU,2025-12-10 11:25:00-05:00,212.05,212.05,212.05,212.05,375.0,11.0,212.05
GDXU,2025-12-10 11:26:00-05:00,212.26,212.37,211.93,212.37,979.0,14.0,212.28785
GDXU,2025-12-10 11:27:00-05:00,212.69,212.7009,212.2738,212.52,1363.0,18.0,212.559646
GDXU,2025-12-10 11:28:00-05:00,212.1778,212.3,212.1778,212.3,717.0,11.0,212.255966
GDXU,2025-12-10 11:29:00-05:00,212.65,212.65,212.65,212.65,444.0,14.0,212.65
GDXU,2025-12-10 11:30:00-05:00,212.5924,212.5924,212.5924,212.5924,622.0,16.0,212.5924
GDXU,2025-12-10 11:31:00-05:00,212.85,213.52,212.85,213.52,3672.0,51.0,213.214385
GDXU,2025-12-10 11:32:00-05:00,213.63,213.63,213.63,213.63,1844.0,23.0,213.63
GDXU,2025-12-10 11:33:00-05:00,213.125,213.125,213.125,213.125,1427.0,9.0,213.125
GDXU,2025-12-10 11:34:00-05:00,213.36,213.36,213.36,213.36,470.0,12.0,213.36
GDXU,2025-12-10 11:35:00-05:00,213.26,213.26,213.01,213.01,605.0,17.0,213.1025
GDXU,2025-12-10 11:36:00-05:00,212.329,212.74,211.98,212.74,2315.0,23.0,212.177427
GDXU,2025-12-10 11:37:00-05:00,213.0,213.0,213.0,213.0,284.0,9.0,213.0
GDXU,2025-12-10 11:38:00-05:00,213.2,213.36,213.2,213.36,851.0,12.0,213.272289
GDXU,2025-12-10 11:41:00-05:00,214.0,214.27,214.0,214.27,871.0,43.0,214.054
GDXU,2025-12-10 11:42:00-05:00,214.25,214.9,214.25,214.9,2136.0,35.0,214.598937
GDXU,2025-12-10 11:43:00-05:00,214.9,214.9,214.17,214.17,2461.0,51.0,214.695828
GDXU,2025-12-10 11:44:00-05:00,214.53,214.53,214.53,214.53,365.0,12.0,214.53
GDXU,2025-12-10 11:46:00-05:00,213.99,214.475,213.99,214.3564,858.0,14.0,214.162003
GDXU,2025-12-10 11:47:00-05:00,214.4237,214.4237,214.4237,214.4237,559.0,9.0,214.4237
GDXU,2025-12-10 11:48:00-05:00,214.42,214.5,214.42,214.5,482.0,16.0,214.466527
GDXU,2025-12-10 11:50:00-05:00,215.0,215.19,215.0,215.19,10612.0,92.0,215.026192
GDXU,2025-12-10 11:51:00-05:00,215.5,215.58,215.375,215.58,2181.0,24.0,215.534414
GDXU,2025-12-10 11:52:00-05:00,215.0,215.58,215.0,215.58,1581.0,21.0,215.22666
GDXU,2025-12-10 11:53:00-05:00,215.49,215.5548,215.245,215.39,1264.0,26.0,215.438435
GDXU,2025-12-10 11:54:00-05:00,215.355,215.355,215.355,215.355,1455.0,15.0,215.355
GDXU,2025-12-10 11:55:00-05:00,214.87,215.28,214.87,215.25,1324.0,30.0,215.014624
GDXU,2025-12-10 11:56:00-05:00,214.39,214.935,214.39,214.935,525.0,12.0,214.52625
GDXU,2025-12-10 11:57:00-05:00,215.53,215.53,215.14,215.14,780.0,13.0,215.205
GDXU,2025-12-10 11:59:00-05:00,215.68,215.68,215.68,215.68,320.0,7.0,215.68
GDXU,2025-12-10 12:00:00-05:00,215.68,215.68,215.68,215.68,1155.0,13.0,215.68
GDXU,2025-12-10 12:04:00-05:00,215.3415,215.3415,215.3415,215.3415,188.0,15.0,215.3415
GDXU,2025-12-10 12:05:00-05:00,214.5,214.5469,214.5,214.5469,1347.0,18.0,214.504396
GDXU,2025-12-10 12:06:00-05:00,213.93,213.93,213.75,213.75,529.0,13.0,213.825314
GDXU,2025-12-10 12:07:00-05:00,214.48,214.48,214.48,214.48,268.0,6.0,214.48
GDXU,2025-12-10 12:11:00-05:00,214.3299,214.3299,214.3299,214.3299,163.0,5.0,214.3299
GDXU,2025-12-10 12:12:00-05:00,213.35,213.4719,213.35,213.35,851.0,20.0,213.399153
GDXU,2025-12-10 12:13:00-05:00,213.01,213.01,213.01,213.01,176.0,12.0,213.01
GDXU,2025-12-10 12:14:00-05:00,213.48,213.48,213.48,213.48,307.0,11.0,213.48
GDXU,2025-12-10 12:15:00-05:00,214.0,214.234,214.0,214.234,653.0,15.0,214.119854
GDXU,2025-12-10 12:17:00-05:00,214.45,214.45,214.45,214.45,126.0,9.0,214.45
GDXU,2025-12-10 12:20:00-05:00,214.07,214.45,214.07,214.45,1100.0,16.0,214.405136
GDXU,2025-12-10 12:21:00-05:00,214.13,214.13,214.13,214.13,351.0,2.0,214.13
GDXU,2025-12-10 12:27:00-05:00,213.43,213.43,213.43,213.43,419.0,13.0,213.43
GDXU,2025-12-10 12:28:00-05:00,213.5,213.5,213.5,213.5,1963.0,8.0,213.5
GDXU,2025-12-10 12:29:00-05:00,213.3,213.3,213.2,213.2,308.0,11.0,213.241667
GDXU,2025-12-10 12:30:00-05:00,213.01,213.03,212.67,212.67,406.0,11.0,212.903333
GDXU,2025-12-10 12:31:00-05:00,213.2,213.2,213.2,213.2,701.0,14.0,213.2
GDXU,2025-12-10 12:37:00-05:00,213.44,213.44,213.44,213.44,697.0,18.0,213.44
GDXU,2025-12-10 12:40:00-05:00,213.2759,213.2759,213.1,213.1,417.0,5.0,213.231925
GDXU,2025-12-10 12:46:00-05:00,213.28,213.28,213.28,213.28,124.0,4.0,213.28
GDXU,2025-12-10 12:47:00-05:00,213.28,213.34,213.28,213.28,1053.0,11.0,213.288307
GDXU,2025-12-10 12:51:00-05:00,214.0,214.0,214.0,214.0,203.0,7.0,214.0
GDXU,2025-12-10 12:52:00-05:00,214.0,214.0,214.0,214.0,499.0,14.0,214.0
GDXU,2025-12-10 12:53:00-05:00,213.9401,213.9401,213.9401,213.9401,322.0,6.0,213.9401
GDXU,2025-12-10 12:55:00-05:00,214.49,214.49,214.49,214.49,332.0,6.0,214.49
GDXU,2025-12-10 12:56:00-05:00,214.055,214.055,214.055,214.055,286.0,10.0,214.055
GDXU,2025-12-10 12:57:00-05:00,213.9,213.9521,213.9,213.95,539.0,11.0,213.935515
GDXU,2025-12-10 12:58:00-05:00,214.05,214.05,214.05,214.05,104.0,3.0,214.05
GDXU,2025-12-10 13:00:00-05:00,214.08,214.08,214.08,214.08,131.0,3.0,214.08
GDXU,2025-12-10 13:04:00-05:00,214.3306,214.3306,214.3306,214.3306,614.0,6.0,214.3306
GDXU,2025-12-10 13:06:00-05:00,214.3,214.3,214.3,214.3,209.0,10.0,214.3
GDXU,2025-12-10 13:07:00-05:00,213.9,213.9,213.6629,213.6629,803.0,9.0,213.747093
GDXU,2025-12-10 13:08:00-05:00,213.84,213.84,213.84,213.84,110.0,5.0,213.84
GDXU,2025-12-10 13:09:00-05:00,214.0,214.3,214.0,214.3,612.0,30.0,214.181853
GDXU,2025-12-10 13:12:00-05:00,214.1887,214.1887,214.1887,214.1887,285.0,5.0,214.1887
GDXU,2025-12-10 13:13:00-05:00,214.505,214.505,214.505,214.505,431.0,12.0,214.505
GDXU,2025-12-10 13:22:00-05:00,213.4951,213.4951,213.4951,213.4951,259.0,8.0,213.4951
GDXU,2025-12-10 13:24:00-05:00,213.2993,213.2993,213.2993,213.2993,414.0,4.0,213.2993
GDXU,2025-12-10 13:25:00-05:00,213.0,213.0,212.5505,212.5505,1225.0,10.0,212.59545
GDXU,2025-12-10 13:27:00-05:00,213.1795,213.1795,213.1795,213.1795,225.0,3.0,213.1795
GDXU,2025-12-10 13:29:00-05:00,213.4,213.4,213.4,213.4,205.0,5.0,213.4
GDXU,2025-12-10 13:31:00-05:00,213.5,213.5,213.5,213.5,179.0,4.0,213.5
GDXU,2025-12-10 13:34:00-05:00,213.2,213.2,213.2,213.2,306.0,7.0,213.2
GDXU,2025-12-10 13:36:00-05:00,213.75,213.75,213.75,213.75,461.0,8.0,213.75
GDXU,2025-12-10 13:37:00-05:00,213.75,213.75,213.75,213.75,257.0,3.0,213.75
GDXU,2025-12-10 13:40:00-05:00,213.0,213.02,212.7799,212.7799,752.0,18.0,212.9333
GDXU,2025-12-10 13:42:00-05:00,212.204,212.204,212.13,212.13,328.0,7.0,212.173295
GDXU,2025-12-10 13:45:00-05:00,212.8403,212.8403,212.8403,212.8403,173.0,4.0,212.8403
GDXU,2025-12-10 13:50:00-05:00,213.124,213.124,213.124,213.124,386.0,10.0,213.124
GDXU,2025-12-10 13:52:00-05:00,213.39,213.46,213.39,213.46,299.0,3.0,213.425
GDXU,2025-12-10 13:55:00-05:00,212.8,212.8,212.2501,212.2501,1004.0,21.0,212.70835
GDXU,2025-12-10 13:56:00-05:00,212.252,212.252,211.751,212.192,533.0,16.0,212.00875
GDXU,2025-12-10 13:57:00-05:00,212.067,212.067,212.067,212.067,277.0,5.0,212.067
GDXU,2025-12-10 14:00:00-05:00,212.73,216.74,212.73,216.65,14808.0,238.0,215.306976
GDXU,2025-12-10 14:01:00-05:00,216.87,216.92,214.6,214.92,3612.0,63.0,215.409775
GDXU,2025-12-10 14:02:00-05:00,215.41,215.74,215.21,215.21,1522.0,32.0,215.595462
GDXU,2025-12-10 14:03:00-05:00,212.66,214.0824,212.66,214.0824,3340.0,31.0,213.241809
GDXU,2025-12-10 14:04:00-05:00,214.36,214.36,213.685,213.685,1056.0,15.0,214.276357
GDXU,2025-12-10 14:05:00-05:00,214.5,215.0,214.5,215.0,2768.0,31.0,214.739315
GDXU,2025-12-10 14:06:00-05:00,215.5,216.0,215.27,216.0,3527.0,28.0,215.592649
GDXU,2025-12-10 14:07:00-05:00,216.27,218.0,216.27,217.6,6650.0,125.0,217.303183
GDXU,2025-12-10 14:08:00-05:00,217.805,219.0,217.5,218.91,6688.0,117.0,218.505031
GDXU,2025-12-10 14:09:00-05:00,219.0276,219.79,218.9215,219.747,4817.0,82.0,219.208659
GDXU,2025-12-10 14:10:00-05:00,219.49,219.49,218.5005,219.2,7628.0,79.0,218.961776
GDXU,2025-12-10 14:11:00-05:00,219.3,219.7,218.0,218.0,1360.0,47.0,218.940534
GDXU,2025-12-10 14:12:00-05:00,217.515,218.5999,217.1201,218.13,1702.0,37.0,217.4326
GDXU,2025-12-10 14:13:00-05:00,218.1,218.1,217.5,217.64,1045.0,30.0,217.685
GDXU,2025-12-10 14:14:00-05:00,217.5,217.64,217.0,217.64,5789.0,53.0,217.360022
GDXU,2025-12-10 14:15:00-05:00,219.0,220.02,218.9,219.74,6997.0,156.0,219.500575
GDXU,2025-12-10 14:16:00-05:00,220.14,220.7954,220.055,220.4072,5464.0,85.0,220.332459
GDXU,2025-12-10 14:17:00-05:00,220.54,220.95,220.0,220.0,2497.0,56.0,220.448673
GDXU,2025-12-10 14:18:00-05:00,219.8991,219.8991,219.4,219.78,1958.0,28.0,219.667015
GDXU,2025-12-10 14:19:00-05:00,219.065,219.9785,219.0,219.935,3289.0,48.0,219.424432
GDXU,2025-12-10 14:20:00-05:00,218.96,220.0902,218.85,220.0902,2221.0,35.0,219.397835
GDXU,2025-12-10 14:21:00-05:00,219.7572,219.7572,219.7572,219.7572,716.0,21.0,219.7572
GDXU,2025-12-10 14:22:00-05:00,219.8641,219.8641,218.905,218.905,552.0,34.0,219.269467
GDXU,2025-12-10 14:23:00-05:00,219.31,219.31,218.6601,218.6601,1044.0,29.0,218.910063
GDXU,2025-12-10 14:24:00-05:00,217.37,217.37,217.09,217.3537,1071.0,32.0,217.235808
GDXU,2025-12-10 14:25:00-05:00,217.845,217.845,217.265,217.265,1502.0,32.0,217.477377
GDXU,2025-12-10 14:26:00-05:00,217.53,217.53,217.0404,217.38,2038.0,25.0,217.235429
GDXU,2025-12-10 14:28:00-05:00,216.27,216.73,213.57,214.11,4184.0,65.0,214.358219
GDXU,2025-12-10 14:29:00-05:00,213.9451,214.65,213.6401,214.65,1340.0,30.0,214.198841
GDXU,2025-12-10 14:30:00-05:00,214.3338,214.3338,213.8,213.8,388.0,14.0,214.034574
GDXU,2025-12-10 14:31:00-05:00,214.33,214.33,213.17,213.76,2637.0,36.0,213.655766
GDXU,2025-12-10 14:32:00-05:00,215.3615,215.8155,215.23,215.47,2528.0,32.0,215.443149
GDXU,2025-12-10 14:33:00-05:00,216.22,217.48,216.22,216.5,1450.0,34.0,216.741794
GDXU,2025-12-10 14:34:00-05:00,216.275,218.345,216.275,218.16,2875.0,51.0,217.724274
GDXU,2025-12-10 14:35:00-05:00,216.5304,218.5533,216.5304,217.49,2660.0,36.0,217.928235
GDXU,2025-12-10 14:36:00-05:00,215.9,215.9,211.98,211.98,6569.0,109.0,213.956357
GDXU,2025-12-10 14:37:00-05:00,211.22,211.47,209.01,209.02,6763.0,111.0,210.18119
GDXU,2025-12-10 14:38:00-05:00,208.88,211.375,208.88,210.81,1773.0,51.0,210.829845
GDXU,2025-12-10 14:39:00-05:00,210.705,212.115,210.705,212.115,1351.0,23.0,211.508088
GDXU,2025-12-10 14:40:00-05:00,212.975,213.15,206.96,206.9925,7860.0,173.0,209.530255
GDXU,2025-12-10 14:41:00-05:00,205.8,205.86,203.51,203.51,11423.0,262.0,204.801673
GDXU,2025-12-10 14:42:00-05:00,203.3,205.6001,203.3,205.6001,1763.0,68.0,204.204338
GDXU,2025-12-10 14:43:00-05:00,207.69,207.7,207.265,207.509,1367.0,44.0,207.543094
GDXU,2025-12-10 14:44:00-05:00,206.3239,207.31,206.06,207.31,1851.0,35.0,206.642236
GDXU,2025-12-10 14:45:00-05:00,208.48,210.19,208.48,210.19,4797.0,50.0,209.355752
GDXU,2025-12-10 14:46:00-05:00,210.6236,210.6236,210.0801,210.0801,946.0,38.0,210.398106
GDXU,2025-12-10 14:47:00-05:00,209.0,210.4034,209.0,209.0651,1622.0,28.0,209.80902
GDXU,2025-12-10 14:48:00-05:00,209.88,209.88,209.88,209.88,208.0,8.0,209.88
GDXU,2025-12-10 14:49:00-05:00,210.8499,210.8499,210.8499,210.8499,231.0,9.0,210.8499
GDXU,2025-12-10 14:50:00-05:00,209.45,211.0,209.45,211.0,954.0,34.0,210.48
GDXU,2025-12-10 14:51:00-05:00,211.885,211.885,211.775,211.7774,1193.0,31.0,211.8404
GDXU,2025-12-10 14:52:00-05:00,212.54,214.3908,212.54,214.3908,1703.0,37.0,213.400498
GDXU,2025-12-10 14:53:00-05:00,214.249,214.249,214.249,214.249,417.0,20.0,214.249
GDXU,2025-12-10 14:54:00-05:00,214.91,215.4465,214.26,214.26,1299.0,39.0,214.902431
GDXU,2025-12-10 14:55:00-05:00,214.84,215.76,214.84,215.76,2712.0,41.0,215.570227
GDXU,2025-12-10 14:56:00-05:00,216.22,217.0,216.22,216.95,2550.0,35.0,216.3721
GDXU,2025-12-10 14:57:00-05:00,217.25,217.6934,217.25,217.45,2252.0,37.0,217.50306
GDXU,2025-12-10 14:58:00-05:00,217.91,218.575,217.765,218.575,5357.0,82.0,218.121531
GDXU,2025-12-10 14:59:00-05:00,217.58,218.64,217.58,218.64,2386.0,62.0,217.99
GDXU,2025-12-10 15:00:00-05:00,218.225,218.25,216.64,217.05,2321.0,54.0,217.309464
GDXU,2025-12-10 15:02:00-05:00,217.6102,218.1,217.04,217.3526,1249.0,32.0,217.726978
GDXU,2025-12-10 15:03:00-05:00,218.2999,218.2999,216.5766,216.5766,2314.0,44.0,217.689623
GDXU,2025-12-10 15:04:00-05:00,218.0,219.7499,218.0,218.89,4233.0,86.0,218.644382
GDXU,2025-12-10 15:05:00-05:00,219.6531,219.75,219.0631,219.0631,3633.0,51.0,219.632747
GDXU,2025-12-10 15:06:00-05:00,219.33,219.33,218.22,218.815,3871.0,67.0,218.764492
GDXU,2025-12-10 15:07:00-05:00,219.66,220.84,219.505,220.6824,4881.0,156.0,220.264063
GDXU,2025-12-10 15:08:00-05:00,220.67,222.63,220.67,222.63,6151.0,164.0,221.72556
GDXU,2025-12-10 15:09:00-05:00,222.3,223.0,222.0841,222.88,8199.0,150.0,222.603618
GDXU,2025-12-10 15:10:00-05:00,223.0,223.04,221.5,221.5,3898.0,51.0,222.618817
GDXU,2025-12-10 15:11:00-05:00,222.75,222.75,222.11,222.71,4563.0,82.0,222.22561
GDXU,2025-12-10 15:12:00-05:00,223.3364,223.67,222.99,223.67,4744.0,67.0,223.409389
GDXU,2025-12-10 15:13:00-05:00,223.4876,224.2894,223.4876,224.2894,3443.0,87.0,223.857551
GDXU,2025-12-10 15:14:00-05:00,224.575,225.365,224.575,225.365,6887.0,142.0,224.978101
GDXU,2025-12-10 15:15:00-05:00,224.43,225.6212,224.43,225.01,2719.0,78.0,225.255045
GDXU,2025-12-10 15:16:00-05:00,223.75,225.0,223.4221,225.0,2683.0,53.0,224.098879
GDXU,2025-12-10 15:17:00-05:00,224.31,225.0,224.31,224.7194,1563.0,36.0,224.802376
GDXU,2025-12-10 15:18:00-05:00,224.9612,225.25,224.54,225.1101,7511.0,134.0,224.803806
GDXU,2025-12-10 15:19:00-05:00,225.42,225.5231,224.0,224.0,925.0,24.0,224.86885
GDXU,2025-12-10 15:20:00-05:00,223.83,224.695,223.83,224.695,2976.0,27.0,224.384997
GDXU,2025-12-10 15:21:00-05:00,224.855,225.84,224.855,225.84,4895.0,71.0,225.708434
GDXU,2025-12-10 15:22:00-05:00,225.84,226.045,225.5,225.5,2957.0,69.0,225.948828
GDXU,2025-12-10 15:23:00-05:00,224.88,225.1499,224.69,224.705,2280.0,45.0,224.88173
GDXU,2025-12-10 15:24:00-05:00,224.09,224.235,224.08,224.235,1112.0,29.0,224.135
GDXU,2025-12-10 15:25:00-05:00,223.39,224.065,222.52,224.065,3097.0,56.0,223.337572
GDXU,2025-12-10 15:26:00-05:00,224.6561,224.6561,224.0,224.0,885.0,14.0,224.195797
GDXU,2025-12-10 15:27:00-05:00,224.65,225.0,224.65,225.0,845.0,29.0,224.819516
GDXU,2025-12-10 15:28:00-05:00,225.0,225.2257,225.0,225.0,1115.0,37.0,225.063772
GDXU,2025-12-10 15:29:00-05:00,224.9113,225.48,224.9113,225.48,3364.0,41.0,225.028427
GDXU,2025-12-10 15:30:00-05:00,225.6,226.0,225.2,225.4923,3845.0,76.0,225.538268
GDXU,2025-12-10 15:31:00-05:00,225.24,225.24,225.24,225.24,259.0,17.0,225.24
GDXU,2025-12-10 15:32:00-05:00,224.91,226.25,224.91,226.25,2156.0,53.0,225.593144
GDXU,2025-12-10 15:33:00-05:00,226.664,226.71,226.57,226.57,1865.0,45.0,226.592938
GDXU,2025-12-10 15:34:00-05:00,226.2641,226.63,226.2641,226.63,591.0,33.0,226.459019
GDXU,2025-12-10 15:35:00-05:00,226.5357,226.63,226.2865,226.2865,1581.0,36.0,226.516775
GDXU,2025-12-10 15:36:00-05:00,226.3799,226.3799,225.92,226.31,1620.0,25.0,226.248437
GDXU,2025-12-10 15:37:00-05:00,226.3392,226.63,226.3392,226.63,3961.0,49.0,226.533147
GDXU,2025-12-10 15:38:00-05:00,227.0,227.0,226.415,226.915,6197.0,69.0,226.976314
GDXU,2025-12-10 15:39:00-05:00,227.08,227.2265,226.6233,226.6233,2033.0,44.0,227.077468
GDXU,2025-12-10 15:40:00-05:00,227.21,227.69,226.72,227.17,4524.0,68.0,227.152065
GDXU,2025-12-10 15:41:00-05:00,227.2193,227.345,227.2193,227.345,1250.0,33.0,227.32405
GDXU,2025-12-10 15:42:00-05:00,227.34,228.26,227.34,228.19,5578.0,147.0,227.870392
GDXU,2025-12-10 15:44:00-05:00,228.38,228.605,227.73,228.0933,3229.0,65.0,228.226118
GDXU,2025-12-10 15:45:00-05:00,227.66,227.95,227.66,227.95,1592.0,41.0,227.689532
GDXU,2025-12-10 15:46:00-05:00,228.68,229.0,228.49,228.59,2320.0,65.0,228.799041
GDXU,2025-12-10 15:47:00-05:00,228.5326,228.69,228.11,228.273,3570.0,67.0,228.384818
GDXU,2025-12-10 15:48:00-05:00,228.19,228.19,227.94,228.0,1693.0,33.0,228.085639
GDXU,2025-12-10 15:49:00-05:00,227.34,227.34,227.34,227.34,560.0,28.0,227.34
GDXU,2025-12-10 15:50:00-05:00,227.58,227.5901,226.93,226.9566,1361.0,43.0,227.15707
GDXU,2025-12-10 15:51:00-05:00,226.25,226.25,225.78,225.78,1703.0,50.0,226.091551
GDXU,2025-12-10 15:52:00-05:00,225.43,225.82,225.43,225.82,1521.0,68.0,225.600579
GDXU,2025-12-10 15:53:00-05:00,226.0,226.42,225.84,226.0316,2256.0,77.0,226.164607
GDXU,2025-12-10 15:54:00-05:00,225.87,226.3165,225.87,226.1555,1128.0,27.0,226.148325
GDXU,2025-12-10 15:55:00-05:00,225.22,225.266,225.22,225.266,651.0,50.0,225.243
GDXU,2025-12-10 15:56:00-05:00,224.9,225.0,224.865,225.0,2741.0,43.0,224.945655
GDXU,2025-12-10 15:57:00-05:00,224.085,224.085,224.085,224.085,497.0,24.0,224.085
GDXU,2025-12-10 15:58:00-05:00,224.4712,224.4732,223.27,223.27,6671.0,57.0,224.202226
GDXU,2025-12-10 15:59:00-05:00,223.2,224.86,223.2,224.255,6113.0,89.0,224.348337
GDXU,2025-12-11 09:30:00-05:00,223.97,225.11,223.38,223.38,9004.0,209.0,224.157882
GDXU,2025-12-11 09:31:00-05:00,223.84,225.8346,223.42,225.8346,4520.0,115.0,224.6475
GDXU,2025-12-11 09:32:00-05:00,225.075,226.25,225.075,225.52,3542.0,112.0,225.743011
GDXU,2025-12-11 09:33:00-05:00,225.058,225.76,224.24,225.56,7512.0,126.0,225.240726
GDXU,2025-12-11 09:34:00-05:00,226.45,228.25,226.0128,228.25,6996.0,160.0,227.204922
GDXU,2025-12-11 09:35:00-05:00,228.65,230.6,228.26,229.63,18451.0,368.0,229.641297
GDXU,2025-12-11 09:36:00-05:00,229.0,231.97,228.09,231.97,9138.0,185.0,230.39943
GDXU,2025-12-11 09:37:00-05:00,231.6,234.69,231.5001,234.69,15024.0,327.0,233.53719
GDXU,2025-12-11 09:38:00-05:00,235.0,235.78,234.61,235.0667,27118.0,459.0,235.290152
GDXU,2025-12-11 09:39:00-05:00,235.351,237.5,234.72,234.72,15955.0,314.0,236.49831
GDXU,2025-12-11 09:40:00-05:00,234.9195,235.7,233.31,234.16,5208.0,174.0,234.324561
GDXU,2025-12-11 09:41:00-05:00,233.93,234.062,233.0,234.062,5360.0,129.0,233.44223
GDXU,2025-12-11 09:42:00-05:00,234.45,235.53,234.12,234.5622,7742.0,145.0,234.967371
GDXU,2025-12-11 09:43:00-05:00,233.47,233.47,230.8842,231.9,3948.0,113.0,231.951612
GDXU,2025-12-11 09:44:00-05:00,233.24,234.25,233.0,233.98,3448.0,95.0,233.354546
GDXU,2025-12-11 09:45:00-05:00,233.5,234.0981,232.86,233.195,1879.0,75.0,233.450133
GDXU,2025-12-11 09:46:00-05:00,232.82,233.69,232.7532,232.805,5382.0,79.0,232.954632
GDXU,2025-12-11 09:47:00-05:00,233.02,233.65,232.924,233.5735,1682.0,62.0,233.197663
GDXU,2025-12-11 09:48:00-05:00,232.46,232.6555,230.0,230.0,9861.0,150.0,231.702405
GDXU,2025-12-11 09:49:00-05:00,231.2699,231.2699,229.723,230.145,5839.0,108.0,230.475162
GDXU,2025-12-11 09:50:00-05:00,229.9545,230.95,229.66,229.69,4336.0,86.0,230.148907
GDXU,2025-12-11 09:51:00-05:00,230.4003,232.4099,230.38,232.28,2837.0,86.0,231.6482
GDXU,2025-12-11 09:52:00-05:00,231.45,231.7,230.78,231.1969,2164.0,53.0,231.246927
GDXU,2025-12-11 09:53:00-05:00,231.51,231.51,231.02,231.02,1159.0,59.0,231.24992
GDXU,2025-12-11 09:54:00-05:00,230.67,230.67,230.31,230.399,1698.0,63.0,230.427572
GDXU,2025-12-11 09:55:00-05:00,231.0,233.0,230.41,232.6,2609.0,75.0,232.298509
GDXU,2025-12-11 09:56:00-05:00,232.08,232.345,231.607,231.607,2641.0,54.0,232.047962
GDXU,2025-12-11 09:57:00-05:00,231.5,231.5,230.6,230.6,891.0,48.0,231.112069
GDXU,2025-12-11 09:58:00-05:00,232.0,232.3,231.525,231.6935,1631.0,47.0,231.825844
GDXU,2025-12-11 09:59:00-05:00,231.44,231.45,231.44,231.445,1273.0,56.0,231.44375
GDXU,2025-12-11 10:00:00-05:00,231.09,231.21,231.09,231.21,1857.0,61.0,231.143097
GDXU,2025-12-11 10:01:00-05:00,230.7732,230.7732,229.0,229.82,10364.0,103.0,229.20167
GDXU,2025-12-11 10:02:00-05:00,230.0,232.0,229.53,231.39,2635.0,67.0,231.065944
GDXU,2025-12-11 10:03:00-05:00,232.49,233.8699,232.49,233.525,4331.0,57.0,233.033124
GDXU,2025-12-11 10:04:00-05:00,234.05,235.1,234.0,234.0,6203.0,175.0,234.851607
GDXU,2025-12-11 10:05:00-05:00,234.29,235.89,234.0,235.59,4668.0,118.0,235.247105
GDXU,2025-12-11 10:06:00-05:00,236.0,237.05,235.86,236.5089,5825.0,173.0,236.455684
GDXU,2025-12-11 10:07:00-05:00,237.05,237.8899,236.75,236.75,4002.0,136.0,237.193943
GDXU,2025-12-11 10:08:00-05:00,237.345,237.6,237.345,237.44,1651.0,79.0,237.491211
GDXU,2025-12-11 10:09:00-05:00,237.9,238.38,237.3605,237.54,11185.0,146.0,237.887914
GDXU,2025-12-11 10:10:00-05:00,237.68,238.0,236.8855,237.2255,3471.0,88.0,237.27453
GDXU,2025-12-11 10:11:00-05:00,235.76,236.567,235.76,236.567,636.0,38.0,236.21613
GDXU,2025-12-11 10:12:00-05:00,236.04,237.6742,236.01,237.6742,1887.0,77.0,237.001112
GDXU,2025-12-11 10:13:00-05:00,237.8675,238.56,237.34,238.56,3724.0,106.0,238.199756
GDXU,2025-12-11 10:14:00-05:00,238.63,239.045,238.3073,238.3073,7231.0,123.0,238.80692
GDXU,2025-12-11 10:15:00-05:00,238.215,238.84,238.0,238.84,2111.0,60.0,238.50821
GDXU,2025-12-11 10:16:00-05:00,238.02,238.19,237.04,237.045,2254.0,60.0,237.384372
GDXU,2025-12-11 10:17:00-05:00,236.8571,238.26,236.8571,238.26,2349.0,59.0,237.50537
GDXU,2025-12-11 10:18:00-05:00,238.44,238.44,237.1773,237.355,1483.0,42.0,237.716333
GDXU,2025-12-11 10:19:00-05:00,237.975,237.975,237.645,237.8,2422.0,43.0,237.885625
GDXU,2025-12-11 10:20:00-05:00,238.8,239.41,238.8,239.2662,2820.0,69.0,239.02502
GDXU,2025-12-11 10:21:00-05:00,239.2276,240.0,239.2276,239.6814,19876.0,245.0,239.979921
GDXU,2025-12-11 10:22:00-05:00,240.0,241.9658,239.84,241.26,6745.0,150.0,241.028937
GDXU,2025-12-11 10:23:00-05:00,241.83,242.24,241.1601,242.24,9284.0,159.0,241.840574
GDXU,2025-12-11 10:24:00-05:00,241.9,241.9,239.0,239.0,4872.0,105.0,240.611522
GDXU,2025-12-11 10:25:00-05:00,239.07,239.385,238.6405,239.235,4946.0,92.0,239.075077
GDXU,2025-12-11 10:26:00-05:00,238.93,240.7599,238.93,240.2,3477.0,78.0,239.88493
GDXU,2025-12-11 10:27:00-05:00,241.8999,241.8999,240.61,240.61,2472.0,56.0,240.94644
GDXU,2025-12-11 10:28:00-05:00,241.3837,241.3837,240.65,240.65,1372.0,48.0,241.205125
GDXU,2025-12-11 10:29:00-05:00,240.6125,241.015,240.6125,241.015,1308.0,39.0,240.727993
GDXU,2025-12-11 10:30:00-05:00,241.12,241.41,240.8922,240.8922,1627.0,60.0,241.21822
GDXU,2025-12-11 10:31:00-05:00,241.345,242.4772,241.345,242.4772,4518.0,128.0,242.019964
GDXU,2025-12-11 10:32:00-05:00,242.61,243.675,242.565,243.675,4166.0,129.0,243.079363
GDXU,2025-12-11 10:33:00-05:00,243.89,244.984,243.89,244.98,8255.0,167.0,244.432324
GDXU,2025-12-11 10:34:00-05:00,244.99,245.6,244.71,244.9968,5018.0,182.0,245.064528
GDXU,2025-12-11 10:35:00-05:00,244.8078,245.8215,244.525,244.81,9431.0,229.0,245.103999
GDXU,2025-12-11 10:36:00-05:00,244.0,244.75,243.79,244.7004,6225.0,193.0,244.177789
GDXU,2025-12-11 10:37:00-05:00,244.24,244.85,243.8865,243.8865,3294.0,125.0,244.499165
GDXU,2025-12-11 10:38:00-05:00,243.5,243.6248,243.0,243.3904,2617.0,76.0,243.40445
GDXU,2025-12-11 10:39:00-05:00,243.4201,243.96,243.39,243.895,3078.0,72.0,243.598847
GDXU,2025-12-11 10:40:00-05:00,243.8,245.0,243.7391,244.99,3639.0,127.0,244.441206
GDXU,2025-12-11 10:41:00-05:00,245.316,246.0,245.316,246.0,3830.0,146.0,245.885573
GDXU,2025-12-11 10:42:00-05:00,246.19,246.19,244.81,244.81,1979.0,88.0,245.932877
GDXU,2025-12-11 10:43:00-05:00,245.106,245.605,244.71,245.31,2338.0,64.0,245.234027
GDXU,2025-12-11 10:44:00-05:00,245.595,246.34,245.49,245.49,1871.0,89.0,245.884404
GDXU,2025-12-11 10:45:00-05:00,246.3404,246.3404,245.9501,246.0,3352.0,68.0,246.086155
GDXU,2025-12-11 10:46:00-05:00,246.19,246.29,245.37,245.37,1898.0,57.0,245.856258
GDXU,2025-12-11 10:47:00-05:00,245.0,245.22,244.825,244.825,1318.0,40.0,244.961538
GDXU,2025-12-11 10:48:00-05:00,244.5117,244.825,244.4609,244.504,3913.0,51.0,244.547266
GDXU,2025-12-11 10:49:00-05:00,244.96,245.1699,244.5029,244.6,8042.0,102.0,244.794998
GDXU,2025-12-11 10:50:00-05:00,244.6954,245.54,244.6954,245.5,2127.0,49.0,245.159006
GDXU,2025-12-11 10:51:00-05:00,245.43,246.4,245.43,246.4,3312.0,87.0,245.886422
GDXU,2025-12-11 10:52:00-05:00,246.56,246.68,245.32,245.32,13362.0,90.0,246.035462
GDXU,2025-12-11 10:53:00-05:00,245.2851,245.5441,244.31,244.31,7102.0,62.0,244.495319
GDXU,2025-12-11 10:54:00-05:00,245.287,245.287,244.57,245.038,1447.0,53.0,244.913877
GDXU,2025-12-11 10:55:00-05:00,244.97,245.208,244.6748,244.6748,1453.0,40.0,245.06163
GDXU,2025-12-11 10:56:00-05:00,244.65,244.65,244.0,244.0,1855.0,85.0,244.209409
GDXU,2025-12-11 10:57:00-05:00,243.51,243.51,242.6048,242.61,6244.0,86.0,242.74979
GDXU,2025-12-11 10:58:00-05:00,243.0,243.7649,242.64,243.39,3109.0,65.0,243.051219
GDXU,2025-12-11 10:59:00-05:00,243.7319,245.0,243.7319,245.0,1823.0,46.0,244.64151
GDXU,2025-12-11 11:00:00-05:00,245.06,245.06,243.92,244.28,2825.0,65.0,244.367057
GDXU,2025-12-11 11:01:00-05:00,244.7584,244.7584,243.8106,243.8106,1567.0,39.0,244.331076
GDXU,2025-12-11 11:02:00-05:00,244.75,245.064,244.75,244.93,1328.0,40.0,244.98818
GDXU,2025-12-11 11:03:00-05:00,245.1844,245.37,245.0,245.0189,1431.0,49.0,245.193722
GDXU,2025-12-11 11:04:00-05:00,244.5,245.619,244.5,244.73,2141.0,48.0,245.265018
GDXU,2025-12-11 11:05:00-05:00,244.61,245.01,244.365,244.365,600.0,21.0,244.647778
GDXU,2025-12-11 11:06:00-05:00,245.2071,245.2071,245.0,245.04,1757.0,32.0,245.04078
GDXU,2025-12-11 11:07:00-05:00,244.93,244.93,244.5,244.5,1994.0,27.0,244.741778
GDXU,2025-12-11 11:08:00-05:00,244.67,245.0,244.6301,244.9765,1260.0,30.0,244.919622
GDXU,2025-12-11 11:09:00-05:00,245.2486,245.2486,244.93,244.93,522.0,23.0,245.134814
GDXU,2025-12-11 11:10:00-05:00,244.68,244.68,244.68,244.68,434.0,21.0,244.68
GDXU,2025-12-11 11:11:00-05:00,245.0,245.2,245.0,245.2,805.0,30.0,245.074766
GDXU,2025-12-11 11:12:00-05:00,245.31,245.31,245.21,245.2101,622.0,25.0,245.238289
GDXU,2025-12-11 11:13:00-05:00,245.8451,246.08,245.56,245.56,1998.0,58.0,245.939703
GDXU,2025-12-11 11:14:00-05:00,244.92,245.155,244.79,245.155,1092.0,34.0,244.939481
GDXU,2025-12-11 11:15:00-05:00,245.1,245.7572,245.1,245.52,2721.0,32.0,245.701681
GDXU,2025-12-11 11:16:00-05:00,245.76,246.3041,245.76,246.0,1179.0,45.0,246.00825
GDXU,2025-12-11 11:17:00-05:00,245.6953,245.7941,245.44,245.44,1105.0,34.0,245.626837
GDXU,2025-12-11 11:18:00-05:00,245.78,245.78,245.5,245.51,968.0,43.0,245.629565
GDXU,2025-12-11 11:19:00-05:00,245.75,247.0,245.75,247.0,3374.0,106.0,246.637483
GDXU,2025-12-11 11:20:00-05:00,246.985,247.264,246.985,247.215,1141.0,52.0,247.154667
GDXU,2025-12-11 11:21:00-05:00,246.31,246.8,246.31,246.8,2030.0,31.0,246.614606
GDXU,2025-12-11 11:22:00-05:00,247.0,247.3131,247.0,247.3131,1132.0,46.0,247.226337
GDXU,2025-12-11 11:23:00-05:00,246.985,247.6125,246.7961,247.5,1503.0,32.0,247.08136
GDXU,2025-12-11 11:24:00-05:00,246.94,247.26,246.68,247.055,1343.0,27.0,246.983556
GDXU,2025-12-11 11:25:00-05:00,246.37,246.37,246.275,246.2824,705.0,18.0,246.295767
GDXU,2025-12-11 11:26:00-05:00,246.54,247.0,246.54,247.0,1411.0,34.0,246.923333
GDXU,2025-12-11 11:27:00-05:00,246.86,246.86,246.5,246.5,708.0,23.0,246.571146
GDXU,2025-12-11 11:28:00-05:00,246.65,246.7582,246.34,246.34,596.0,27.0,246.591618
GDXU,2025-12-11 11:29:00-05:00,246.64,246.885,246.64,246.885,436.0,21.0,246.787
GDXU,2025-12-11 11:30:00-05:00,247.15,247.15,247.15,247.15,398.0,32.0,247.15
GDXU,2025-12-11 11:31:00-05:00,247.035,247.61,247.035,247.34,1732.0,71.0,247.461545
GDXU,2025-12-11 11:32:00-05:00,247.4,247.4,247.34,247.34,515.0,38.0,247.368708
GDXU,2025-12-11 11:33:00-05:00,247.88,247.88,247.54,247.54,884.0,41.0,247.71
GDXU,2025-12-11 11:34:00-05:00,247.91,248.0,247.705,247.705,3609.0,86.0,247.977876
GDXU,2025-12-11 11:35:00-05:00,247.62,247.62,247.62,247.62,459.0,23.0,247.62
GDXU,2025-12-11 11:36:00-05:00,248.4878,249.08,248.14,249.08,18808.0,121.0,248.969704
GDXU,2025-12-11 11:37:00-05:00,249.09,249.77,249.09,249.77,2597.0,99.0,249.318161
GDXU,2025-12-11 11:38:00-05:00,249.8,250.54,249.6101,249.655,10270.0,285.0,249.93976
GDXU,2025-12-11 11:39:00-05:00,250.09,250.6,250.09,250.4098,11708.0,74.0,250.558929
GDXU,2025-12-11 11:40:00-05:00,250.545,250.545,249.66,250.46,2315.0,60.0,250.259567
GDXU,2025-12-11 11:41:00-05:00,250.2701,251.0,250.2701,251.0,951.0,57.0,250.495262
GDXU,2025-12-11 11:42:00-05:00,251.02,251.34,251.01,251.34,3592.0,48.0,251.314548
GDXU,2025-12-11 11:43:00-05:00,251.0,251.25,250.97,251.0,2897.0,54.0,251.009685
GDXU,2025-12-11 11:44:00-05:00,251.8962,251.8962,251.1526,251.4101,8103.0,39.0,251.716021
GDXU,2025-12-11 11:45:00-05:00,251.02,252.0,251.02,252.0,2699.0,91.0,251.620891
GDXU,2025-12-11 11:46:00-05:00,252.185,252.22,252.1,252.22,781.0,43.0,252.17436
GDXU,2025-12-11 11:47:00-05:00,252.04,252.04,251.5617,251.5617,1443.0,57.0,251.894884
GDXU,2025-12-11 11:48:00-05:00,251.56,252.35,251.4897,252.17,3714.0,73.0,252.002328
GDXU,2025-12-11 11:49:00-05:00,252.5,253.6599,252.5,253.34,7484.0,80.0,252.904583
GDXU,2025-12-11 11:50:00-05:00,253.417,253.55,253.22,253.55,2439.0,78.0,253.384841
GDXU,2025-12-11 11:51:00-05:00,253.5335,254.46,253.5335,254.205,1304.0,46.0,253.949125
GDXU,2025-12-11 11:52:00-05:00,254.085,254.7462,254.04,254.7462,2184.0,57.0,254.543812
GDXU,2025-12-11 11:53:00-05:00,254.5899,254.5899,253.0289,253.29,4550.0,55.0,253.822626
GDXU,2025-12-11 11:54:00-05:00,252.7728,253.459,252.6474,253.459,2352.0,45.0,253.151886
GDXU,2025-12-11 11:55:00-05:00,252.9,253.47,252.9,253.14,6078.0,99.0,253.136032
GDXU,2025-12-11 11:56:00-05:00,253.14,253.385,252.8872,252.89,2548.0,48.0,253.127823
GDXU,2025-12-11 11:57:00-05:00,252.8367,252.8367,252.3038,252.53,13023.0,53.0,252.587316
GDXU,2025-12-11 11:58:00-05:00,252.4999,253.8499,252.41,253.54,3443.0,48.0,253.354866
GDXU,2025-12-11 11:59:00-05:00,253.85,254.3479,253.85,254.3479,4668.0,47.0,253.99842
GDXU,2025-12-11 12:00:00-05:00,254.49,254.5,254.05,254.3346,3903.0,56.0,254.267371
GDXU,2025-12-11 12:01:00-05:00,254.09,254.09,254.0,254.0,1393.0,29.0,254.009474
GDXU,2025-12-11 12:02:00-05:00,254.49,254.5193,254.46,254.5193,1293.0,45.0,254.498731
GDXU,2025-12-11 12:03:00-05:00,254.66,254.89,254.5391,254.89,1846.0,47.0,254.67388
GDXU,2025-12-11 12:04:00-05:00,254.91,255.0,254.6152,254.69,10062.0,179.0,254.93008
GDXU,2025-12-11 12:05:00-05:00,254.725,255.58,254.725,255.58,3193.0,49.0,254.972452
GDXU,2025-12-11 12:06:00-05:00,255.485,255.485,255.485,255.485,638.0,41.0,255.485
GDXU,2025-12-11 12:07:00-05:00,255.5,255.51,255.5,255.51,922.0,61.0,255.503333
GDXU,2025-12-11 12:08:00-05:00,255.7892,256.174,255.7892,256.045,10721.0,100.0,255.995061
GDXU,2025-12-11 12:09:00-05:00,255.97,256.51,255.97,256.21,1655.0,63.0,256.316514
GDXU,2025-12-11 12:10:00-05:00,256.8,256.8,256.4478,256.4478,3147.0,62.0,256.602621
GDXU,2025-12-11 12:11:00-05:00,256.5,256.5,255.0,255.2,4433.0,62.0,255.843616
GDXU,2025-12-11 12:12:00-05:00,255.49,255.49,255.2878,255.4042,1821.0,45.0,255.409859
GDXU,2025-12-11 12:13:00-05:00,255.3071,256.0,255.0523,256.0,1281.0,57.0,255.549138
GDXU,2025-12-11 12:14:00-05:00,255.92,256.2802,255.86,256.2802,1293.0,40.0,256.063063
GDXU,2025-12-11 12:15:00-05:00,256.18,256.18,255.74,256.0,1761.0,44.0,255.919351
GDXU,2025-12-11 12:16:00-05:00,255.8582,256.5,255.8,256.5,983.0,48.0,256.085177
GDXU,2025-12-11 12:17:00-05:00,256.762,256.8257,256.762,256.8257,515.0,28.0,256.780958
GDXU,2025-12-11 12:18:00-05:00,256.7866,257.0,256.7866,256.84,1572.0,151.0,256.918816
GDXU,2025-12-11 12:20:00-05:00,256.8064,257.66,256.8064,257.66,3020.0,59.0,257.370743
GDXU,2025-12-11 12:21:00-05:00,257.35,258.27,257.35,257.4901,10118.0,92.0,257.701159
GDXU,2025-12-11 12:22:00-05:00,257.31,257.4303,256.5681,256.5681,2244.0,41.0,256.86945
GDXU,2025-12-11 12:23:00-05:00,256.51,256.58,256.51,256.58,716.0,29.0,256.5375
GDXU,2025-12-11 12:24:00-05:00,256.5,256.825,256.5,256.825,1930.0,37.0,256.540935
GDXU,2025-12-11 12:25:00-05:00,256.75,256.75,256.11,256.5408,2961.0,54.0,256.605119
GDXU,2025-12-11 12:26:00-05:00,256.81,256.81,256.5716,256.5716,565.0,26.0,256.66696
GDXU,2025-12-11 12:27:00-05:00,256.21,256.615,255.08,255.08,6379.0,67.0,255.810186
GDXU,2025-12-11 12:28:00-05:00,255.06,255.9684,255.06,255.9684,1429.0,59.0,255.325433
GDXU,2025-12-11 12:29:00-05:00,255.67,255.67,255.22,255.6492,852.0,23.0,255.443556
GDXU,2025-12-11 12:30:00-05:00,255.0,255.0,254.7086,254.7086,1717.0,38.0,254.865738
GDXU,2025-12-11 12:31:00-05:00,254.69,256.0,254.69,255.055,1453.0,48.0,255.440666
GDXU,2025-12-11 12:32:00-05:00,254.99,255.42,254.99,255.2619,1587.0,34.0,255.217955
GDXU,2025-12-11 12:34:00-05:00,254.68,254.68,254.62,254.62,812.0,19.0,254.6375
GDXU,2025-12-11 12:35:00-05:00,254.3683,254.37,254.24,254.37,730.0,34.0,254.337075
GDXU,2025-12-11 12:36:00-05:00,254.0032,254.925,253.81,254.6181,2145.0,42.0,254.233493
GDXU,2025-12-11 12:37:00-05:00,254.615,254.87,254.3697,254.87,2955.0,46.0,254.40694
GDXU,2025-12-11 12:38:00-05:00,254.7209,254.7209,254.4408,254.515,851.0,22.0,254.599703
GDXU,2025-12-11 12:41:00-05:00,254.0,254.0938,253.68,253.68,1306.0,25.0,254.033347
GDXU,2025-12-11 12:42:00-05:00,254.48,254.6,254.2929,254.6,1775.0,26.0,254.481554
GDXU,2025-12-11 12:43:00-05:00,254.22,254.22,254.1608,254.1608,1047.0,26.0,254.193532
GDXU,2025-12-11 12:44:00-05:00,254.18,254.2509,254.18,254.2509,518.0,22.0,254.206309
GDXU,2025-12-11 12:45:00-05:00,254.32,254.9054,254.32,254.4,673.0,28.0,254.5418
GDXU,2025-12-11 12:47:00-05:00,254.604,254.75,254.604,254.7499,1618.0,14.0,254.644882
GDXU,2025-12-11 12:48:00-05:00,254.06,254.06,254.06,254.06,499.0,13.0,254.06
GDXU,2025-12-11 12:49:00-05:00,253.85,254.0,253.85,254.0,663.0,17.0,253.9625
GDXU,2025-12-11 12:50:00-05:00,253.8786,253.8786,253.87,253.87,878.0,21.0,253.873146
GDXU,2025-12-11 12:51:00-05:00,254.35,254.35,254.31,254.31,340.0,15.0,254.33
GDXU,2025-12-11 12:53:00-05:00,254.35,254.35,254.35,254.35,321.0,12.0,254.35
GDXU,2025-12-11 12:54:00-05:00,253.79,254.0,253.79,254.0,1277.0,13.0,253.967827
GDXU,2025-12-11 12:55:00-05:00,254.34,254.34,254.34,254.34,133.0,7.0,254.34
GDXU,2025-12-11 12:57:00-05:00,253.084,253.2151,252.76,252.8301,4866.0,65.0,252.983813
GDXU,2025-12-11 12:58:00-05:00,252.82,253.18,252.82,253.18,643.0,20.0,253.0
GDXU,2025-12-11 12:59:00-05:00,254.0,254.0,254.0,254.0,1101.0,26.0,254.0
GDXU,2025-12-11 13:00:00-05:00,254.4329,254.4329,254.4,254.4,544.0,20.0,254.41847
GDXU,2025-12-11 13:01:00-05:00,253.96,253.96,253.96,253.96,314.0,19.0,253.96
GDXU,2025-12-11 13:02:00-05:00,253.736,253.736,253.736,253.736,326.0,14.0,253.736
GDXU,2025-12-11 13:04:00-05:00,254.75,255.515,254.75,255.515,996.0,55.0,255.293458
GDXU,2025-12-11 13:05:00-05:00,255.75,256.0,255.75,256.0,1265.0,35.0,255.937218
GDXU,2025-12-11 13:06:00-05:00,256.175,256.175,256.0,256.0,1546.0,20.0,256.106747
GDXU,2025-12-11 13:07:00-05:00,255.58,255.7,255.58,255.7,464.0,25.0,255.62
GDXU,2025-12-11 13:08:00-05:00,256.17,256.17,256.17,256.17,185.0,15.0,256.17
GDXU,2025-12-11 13:09:00-05:00,256.6015,256.6015,256.33,256.4705,746.0,17.0,256.46061
GDXU,2025-12-11 13:10:00-05:00,256.8879,256.8879,256.8879,256.8879,271.0,17.0,256.8879
GDXU,2025-12-11 13:11:00-05:00,256.0,256.155,255.62,255.8989,736.0,16.0,255.927423
GDXU,2025-12-11 13:12:00-05:00,256.395,256.395,255.99,256.11,832.0,17.0,256.128504
GDXU,2025-12-11 13:13:00-05:00,256.2567,256.2567,255.98,255.98,1729.0,18.0,256.05215
GDXU,2025-12-11 13:14:00-05:00,255.98,255.98,255.98,255.98,502.0,16.0,255.98
GDXU,2025-12-11 13:16:00-05:00,256.131,256.265,255.96,256.26,3046.0,22.0,256.211218
GDXU,2025-12-11 13:17:00-05:00,256.33,256.5,256.33,256.5,986.0,25.0,256.47875
GDXU,2025-12-11 13:18:00-05:00,257.0,257.0743,257.0,257.0743,1368.0,49.0,257.008741
GDXU,2025-12-11 13:19:00-05:00,257.23,257.23,257.06,257.08,776.0,18.0,257.095
GDXU,2025-12-11 13:20:00-05:00,257.0,257.0,257.0,257.0,502.0,14.0,257.0
GDXU,2025-12-11 13:21:00-05:00,256.82,257.28,256.82,257.28,875.0,24.0,256.99
GDXU,2025-12-11 13:22:00-05:00,257.2816,257.2816,257.2816,257.2816,515.0,24.0,257.2816
GDXU,2025-12-11 13:23:00-05:00,256.705,256.74,256.22,256.22,875.0,21.0,256.50585
GDXU,2025-12-11 13:24:00-05:00,256.14,256.16,256.14,256.16,438.0,12.0,256.146667
GDXU,2025-12-11 13:25:00-05:00,256.66,256.72,256.47,256.47,620.0,14.0,256.626364
GDXU,2025-12-11 13:26:00-05:00,256.75,256.75,256.55,256.55,785.0,21.0,256.631667
GDXU,2025-12-11 13:28:00-05:00,256.8,257.0,256.8,257.0,5686.0,46.0,256.991945
GDXU,2025-12-11 13:31:00-05:00,256.62,256.67,256.61,256.61,449.0,17.0,256.6275
GDXU,2025-12-11 13:32:00-05:00,255.42,255.42,255.42,255.42,213.0,11.0,255.42
GDXU,2025-12-11 13:34:00-05:00,255.1825,255.1825,254.54,254.8989,839.0,27.0,254.845698
GDXU,2025-12-11 13:36:00-05:00,254.93,254.93,254.93,254.93,522.0,27.0,254.93
GDXU,2025-12-11 13:37:00-05:00,255.1557,255.1557,254.4801,255.06,593.0,10.0,254.9631
GDXU,2025-12-11 13:38:00-05:00,254.5661,254.975,254.09,254.59,1457.0,26.0,254.426703
GDXU,2025-12-11 13:39:00-05:00,255.08,255.08,254.57,255.02,5254.0,39.0,254.987532
GDXU,2025-12-11 13:41:00-05:00,254.3101,254.3101,254.3101,254.3101,2906.0,15.0,254.3101
GDXU,2025-12-11 13:42:00-05:00,254.78,254.78,254.78,254.78,437.0,16.0,254.78
GDXU,2025-12-11 13:44:00-05:00,255.61,256.0,255.5,256.0,990.0,19.0,255.881013
GDXU,2025-12-11 13:45:00-05:00,256.0,256.0,256.0,256.0,454.0,16.0,256.0
GDXU,2025-12-11 13:47:00-05:00,256.0,256.0,256.0,256.0,4144.0,13.0,256.0
GDXU,2025-12-11 13:49:00-05:00,255.71,255.71,255.7,255.7,374.0,20.0,255.704
GDXU,2025-12-11 13:50:00-05:00,255.7,256.095,255.7,256.095,678.0,22.0,255.862887
GDXU,2025-12-11 13:52:00-05:00,255.485,255.8344,255.485,255.8344,1425.0,21.0,255.590711
GDXU,2025-12-11 13:54:00-05:00,255.445,255.445,255.445,255.445,256.0,12.0,255.445
GDXU,2025-12-11 13:55:00-05:00,255.68,255.68,254.82,254.82,494.0,13.0,255.106667
GDXU,2025-12-11 13:56:00-05:00,254.005,254.005,254.005,254.005,601.0,22.0,254.005
GDXU,2025-12-11 13:57:00-05:00,253.43,253.73,252.7,252.7,1065.0,26.0,253.45
GDXU,2025-12-11 13:58:00-05:00,252.77,253.82,252.06,252.47,2693.0,42.0,252.527195
GDXU,2025-12-11 13:59:00-05:00,252.9,252.9,251.24,251.35,2091.0,54.0,251.995845
GDXU,2025-12-11 14:00:00-05:00,251.5,252.3271,250.57,252.3271,2450.0,50.0,251.236059
GDXU,2025-12-11 14:01:00-05:00,250.64,250.9436,250.28,250.9436,1238.0,39.0,250.580063
GDXU,2025-12-11 14:02:00-05:00,250.7,251.89,250.7,251.89,4709.0,66.0,251.365853
GDXU,2025-12-11 14:03:00-05:00,251.5,251.7073,251.375,251.62,1174.0,34.0,251.530918
GDXU,2025-12-11 14:04:00-05:00,252.1202,252.46,252.1202,252.46,914.0,30.0,252.360059
GDXU,2025-12-11 14:05:00-05:00,252.747,252.747,252.2653,252.2653,450.0,14.0,252.55432
GDXU,2025-12-11 14:06:00-05:00,251.81,252.1585,251.6,251.6,3841.0,35.0,251.797979
GDXU,2025-12-11 14:08:00-05:00,250.53,250.53,248.86,248.88,4744.0,103.0,249.864953
GDXU,2025-12-11 14:09:00-05:00,249.42,250.0,248.91,250.0,2735.0,46.0,249.517168
GDXU,2025-12-11 14:10:00-05:00,249.888,249.888,249.888,249.888,385.0,12.0,249.888
GDXU,2025-12-11 14:11:00-05:00,251.885,251.885,251.885,251.885,791.0,23.0,251.885
GDXU,2025-12-11 14:12:00-05:00,251.91,252.37,251.91,252.37,1314.0,28.0,252.309714
GDXU,2025-12-11 14:13:00-05:00,252.36,252.36,251.8201,251.8201,795.0,13.0,251.944692
GDXU,2025-12-11 14:15:00-05:00,252.415,252.49,251.5,251.51,1878.0,25.0,252.09272
GDXU,2025-12-11 14:16:00-05:00,252.5059,252.74,252.5059,252.5537,942.0,15.0,252.565303
GDXU,2025-12-11 14:17:00-05:00,253.0,253.5232,252.84,253.5232,881.0,33.0,253.101032
GDXU,2025-12-11 14:18:00-05:00,253.7294,253.7294,253.4999,253.4999,1639.0,25.0,253.560906
GDXU,2025-12-11 14:19:00-05:00,253.5,253.5,253.28,253.5,3091.0,50.0,253.417848
GDXU,2025-12-11 14:20:00-05:00,253.5,253.52,253.0,253.0,1151.0,17.0,253.351723
GDXU,2025-12-11 14:21:00-05:00,253.0262,253.0262,253.0262,253.0262,883.0,9.0,253.0262
GDXU,2025-12-11 14:23:00-05:00,253.5069,253.8,253.3702,253.8,700.0,19.0,253.506085
GDXU,2025-12-11 14:24:00-05:00,253.768,254.2849,253.768,254.2849,469.0,27.0,254.01651
GDXU,2025-12-11 14:25:00-05:00,253.9,253.9,253.3601,253.9,705.0,19.0,253.734987
GDXU,2025-12-11 14:26:00-05:00,254.045,254.28,254.045,254.1,831.0,11.0,254.212667
GDXU,2025-12-11 14:27:00-05:00,253.5807,253.5807,253.5807,253.5807,215.0,13.0,253.5807
GDXU,2025-12-11 14:29:00-05:00,253.5351,253.5351,253.5351,253.5351,247.0,5.0,253.5351
GDXU,2025-12-11 14:31:00-05:00,253.9048,254.138,253.9048,254.138,2459.0,12.0,254.009827
GDXU,2025-12-11 14:32:00-05:00,253.76,253.88,253.52,253.88,9615.0,68.0,253.652979
GDXU,2025-12-11 14:33:00-05:00,254.0,254.0,253.88,253.88,1142.0,25.0,253.964
GDXU,2025-12-11 14:34:00-05:00,253.921,254.0218,253.921,254.0218,862.0,21.0,253.977308
GDXU,2025-12-11 14:35:00-05:00,254.48,254.5,254.48,254.5,1035.0,22.0,254.495261
GDXU,2025-12-11 14:36:00-05:00,254.78,255.0,254.78,255.0,1561.0,32.0,254.968631
GDXU,2025-12-11 14:37:00-05:00,254.5667,254.5667,254.5667,254.5667,271.0,13.0,254.5667
GDXU,2025-12-11 14:38:00-05:00,254.16,254.959,254.13,254.95,1198.0,20.0,254.732636
GDXU,2025-12-11 14:39:00-05:00,254.4,254.5,254.4,254.5,637.0,13.0,254.418182
GDXU,2025-12-11 14:40:00-05:00,254.51,254.51,254.375,254.375,1161.0,17.0,254.38949
GDXU,2025-12-11 14:41:00-05:00,254.18,254.18,254.07,254.07,805.0,20.0,254.11
GDXU,2025-12-11 14:42:00-05:00,254.345,254.345,254.3226,254.3226,368.0,18.0,254.33604
GDXU,2025-12-11 14:43:00-05:00,253.8,253.8,253.8,253.8,362.0,10.0,253.8
GDXU,2025-12-11 14:44:00-05:00,253.5,253.5,253.5,253.5,352.0,11.0,253.5
GDXU,2025-12-11 14:45:00-05:00,253.4553,253.4553,253.4553,253.4553,232.0,6.0,253.4553
GDXU,2025-12-11 14:46:00-05:00,253.326,253.37,253.29,253.37,1051.0,16.0,253.3268
GDXU,2025-12-11 14:47:00-05:00,253.809,253.809,253.809,253.809,266.0,14.0,253.809
GDXU,2025-12-11 14:48:00-05:00,253.3347,253.3347,253.3347,253.3347,482.0,24.0,253.3347
GDXU,2025-12-11 14:50:00-05:00,253.8201,253.8201,253.8201,253.8201,270.0,11.0,253.8201
GDXU,2025-12-11 14:51:00-05:00,254.1224,254.1224,254.1224,254.1224,234.0,14.0,254.1224
GDXU,2025-12-11 14:52:00-05:00,254.18,254.44,254.18,254.44,1686.0,38.0,254.34375
GDXU,2025-12-11 14:53:00-05:00,253.0901,253.0901,253.0901,253.0901,223.0,15.0,253.0901
GDXU,2025-12-11 14:54:00-05:00,252.7,252.7,252.7,252.7,327.0,16.0,252.7
GDXU,2025-12-11 14:55:00-05:00,252.75,252.75,252.75,252.75,369.0,19.0,252.75
GDXU,2025-12-11 14:56:00-05:00,253.1884,253.1884,253.1884,253.1884,384.0,8.0,253.1884
GDXU,2025-12-11 14:58:00-05:00,253.335,253.335,253.335,253.335,324.0,17.0,253.335
GDXU,2025-12-11 14:59:00-05:00,253.65,253.65,253.57,253.57,876.0,15.0,253.615278
GDXU,2025-12-11 15:00:00-05:00,253.42,253.485,252.82,253.485,2303.0,44.0,252.93875
GDXU,2025-12-11 15:01:00-05:00,253.19,253.742,253.19,253.7,836.0,25.0,253.6064
GDXU,2025-12-11 15:02:00-05:00,253.7401,254.195,253.7401,254.195,975.0,20.0,253.813092
GDXU,2025-12-11 15:03:00-05:00,254.23,254.23,254.1447,254.1447,434.0,14.0,254.198233
GDXU,2025-12-11 15:04:00-05:00,254.2261,254.2261,254.16,254.16,285.0,9.0,254.192087
GDXU,2025-12-11 15:05:00-05:00,254.075,254.075,254.075,254.075,285.0,17.0,254.075
GDXU,2025-12-11 15:06:00-05:00,253.19,253.19,253.0,253.0,506.0,26.0,253.07
GDXU,2025-12-11 15:07:00-05:00,252.5,252.51,252.5,252.51,609.0,18.0,252.503333
GDXU,2025-12-11 15:08:00-05:00,251.835,252.415,251.835,252.415,571.0,16.0,252.166429
GDXU,2025-12-11 15:09:00-05:00,252.0,252.41,252.0,252.41,364.0,15.0,252.205
GDXU,2025-12-11 15:10:00-05:00,252.93,252.93,252.93,252.93,559.0,8.0,252.93
GDXU,2025-12-11 15:11:00-05:00,252.57,252.62,252.57,252.62,1708.0,12.0,252.595
GDXU,2025-12-11 15:12:00-05:00,252.22,252.6138,252.22,252.6138,441.0,17.0,252.474887
GDXU,2025-12-11 15:13:00-05:00,252.4,252.4,252.4,252.4,333.0,14.0,252.4
GDXU,2025-12-11 15:14:00-05:00,252.39,252.64,252.2301,252.585,4648.0,27.0,252.328508
GDXU,2025-12-11 15:15:00-05:00,252.3372,252.39,252.3372,252.39,1259.0,19.0,252.342229
GDXU,2025-12-11 15:16:00-05:00,252.1,252.11,252.09,252.09,1214.0,30.0,252.097407
GDXU,2025-12-11 15:18:00-05:00,251.0,251.0,250.77,250.77,510.0,13.0,250.886978
GDXU,2025-12-11 15:19:00-05:00,251.21,251.21,251.21,251.21,234.0,17.0,251.21
GDXU,2025-12-11 15:21:00-05:00,250.33,250.33,250.09,250.09,1927.0,18.0,250.145294
GDXU,2025-12-11 15:22:00-05:00,251.18,251.18,251.18,251.18,625.0,19.0,251.18
GDXU,2025-12-11 15:23:00-05:00,251.21,251.21,251.21,251.21,639.0,15.0,251.21
GDXU,2025-12-11 15:24:00-05:00,251.7899,251.7899,251.22,251.22,1250.0,18.0,251.694917
GDXU,2025-12-11 15:26:00-05:00,250.5879,250.5879,250.5879,250.5879,174.0,8.0,250.5879
GDXU,2025-12-11 15:27:00-05:00,250.5,250.5,250.36,250.36,1038.0,25.0,250.484444
GDXU,2025-12-11 15:28:00-05:00,250.46,250.46,250.46,250.46,1547.0,6.0,250.46
GDXU,2025-12-11 15:29:00-05:00,250.0,250.0,250.0,250.0,2135.0,35.0,250.0
GDXU,2025-12-11 15:30:00-05:00,250.5,250.5,250.5,250.5,413.0,19.0,250.5
GDXU,2025-12-11 15:31:00-05:00,250.305,250.36,250.04,250.36,720.0,19.0,250.190522
GDXU,2025-12-11 15:35:00-05:00,250.6,250.6,250.6,250.6,448.0,19.0,250.6
GDXU,2025-12-11 15:36:00-05:00,250.5001,250.5001,250.5001,250.5001,626.0,17.0,250.5001
GDXU,2025-12-11 15:37:00-05:00,250.7252,250.7252,250.7252,250.7252,257.0,24.0,250.7252
GDXU,2025-12-11 15:38:00-05:00,250.51,250.7999,250.51,250.7999,557.0,16.0,250.670143
GDXU,2025-12-11 15:39:00-05:00,250.58,250.58,250.25,250.25,1535.0,21.0,250.367021
GDXU,2025-12-11 15:40:00-05:00,251.0,251.0,250.87,251.0,2222.0,27.0,250.983684
GDXU,2025-12-11 15:43:00-05:00,250.95,251.13,250.82,251.13,1207.0,38.0,250.956986
GDXU,2025-12-11 15:44:00-05:00,250.8,250.8,250.8,250.8,399.0,24.0,250.8
GDXU,2025-12-11 15:45:00-05:00,251.1302,251.35,251.1302,251.35,1655.0,27.0,251.30065
GDXU,2025-12-11 15:46:00-05:00,250.88,251.064,250.88,251.064,440.0,11.0,250.941333
GDXU,2025-12-11 15:47:00-05:00,250.69,250.71,250.38,250.41,1842.0,29.0,250.500323
GDXU,2025-12-11 15:48:00-05:00,250.47,250.745,250.47,250.745,336.0,11.0,250.6075
GDXU,2025-12-11 15:49:00-05:00,250.6,250.6292,249.32,249.69,13443.0,53.0,250.00023
GDXU,2025-12-11 15:50:00-05:00,250.0,250.0,249.32,249.7725,10919.0,67.0,249.958589
GDXU,2025-12-11 15:51:00-05:00,250.0,250.3516,249.25,250.3434,6757.0,66.0,249.985952
GDXU,2025-12-11 15:52:00-05:00,250.67,250.715,250.37,250.37,1654.0,78.0,250.673754
GDXU,2025-12-11 15:53:00-05:00,249.82,249.87,249.82,249.87,486.0,49.0,249.845
GDXU,2025-12-11 15:54:00-05:00,250.5113,250.5113,250.51,250.51,614.0,25.0,250.510709
GDXU,2025-12-11 15:55:00-05:00,250.27,250.27,249.9123,249.9123,1096.0,41.0,250.129045
GDXU,2025-12-11 15:56:00-05:00,249.9191,249.9191,249.41,249.6,931.0,16.0,249.7519
GDXU,2025-12-11 15:57:00-05:00,249.0,249.7599,248.85,249.5205,3246.0,31.0,249.545273
GDXU,2025-12-11 15:58:00-05:00,249.076,249.1,248.53,248.53,3651.0,71.0,248.860263
GDXU,2025-12-11 15:59:00-05:00,248.585,248.61,247.38,247.91,7794.0,104.0,247.758729
SPXU,2025-12-10 09:30:00-05:00,50.755,50.79,50.7075,50.73,57583.0,191.0,50.768264
SPXU,2025-12-10 09:31:00-05:00,50.75,50.81,50.74,50.81,73651.0,318.0,50.775017
SPXU,2025-12-10 09:32:00-05:00,50.8,50.8573,50.78,50.8148,25768.0,143.0,50.821272
SPXU,2025-12-10 09:33:00-05:00,50.81,50.83,50.78,50.82,24974.0,181.0,50.797993
SPXU,2025-12-10 09:34:00-05:00,50.82,50.84,50.7901,50.84,13282.0,97.0,50.804698
SPXU,2025-12-10 09:35:00-05:00,50.84,50.95,50.84,50.945,40738.0,194.0,50.908881
SPXU,2025-12-10 09:36:00-05:00,50.95,51.02,50.94,50.97,37808.0,306.0,50.981389
SPXU,2025-12-10 09:37:00-05:00,50.97,50.98,50.83,50.84,48499.0,302.0,50.905112
SPXU,2025-12-10 09:38:00-05:00,50.805,50.805,50.7459,50.78,28851.0,219.0,50.767998
SPXU,2025-12-10 09:39:00-05:00,50.78,50.81,50.76,50.81,22709.0,186.0,50.785331
SPXU,2025-12-10 09:40:00-05:00,50.82,50.86,50.77,50.77,30477.0,255.0,50.81038
SPXU,2025-12-10 09:41:00-05:00,50.78,50.79,50.7548,50.77,8580.0,102.0,50.774517
SPXU,2025-12-10 09:42:00-05:00,50.76,50.76,50.71,50.71,15208.0,105.0,50.733237
SPXU,2025-12-10 09:43:00-05:00,50.7,50.72,50.6317,50.68,17207.0,138.0,50.681412
SPXU,2025-12-10 09:44:00-05:00,50.69,50.73,50.68,50.72,6752.0,88.0,50.707578
SPXU,2025-12-10 09:45:00-05:00,50.72,50.725,50.66,50.67,11673.0,109.0,50.695444
SPXU,2025-12-10 09:46:00-05:00,50.64,50.68,50.63,50.67,15220.0,114.0,50.657587
SPXU,2025-12-10 09:47:00-05:00,50.66,50.66,50.58,50.6,12885.0,115.0,50.603729
SPXU,2025-12-10 09:48:00-05:00,50.59,50.6407,50.59,50.62,14019.0,89.0,50.62115
SPXU,2025-12-10 09:49:00-05:00,50.62,50.68,50.62,50.67,13155.0,99.0,50.653701
SPXU,2025-12-10 09:50:00-05:00,50.68,50.68,50.5901,50.61,36799.0,203.0,50.645028
SPXU,2025-12-10 09:51:00-05:00,50.61,50.65,50.59,50.65,22710.0,180.0,50.607458
SPXU,2025-12-10 09:52:00-05:00,50.65,50.69,50.63,50.69,15496.0,140.0,50.656945
SPXU,2025-12-10 09:53:00-05:00,50.7,50.75,50.6653,50.6876,29633.0,163.0,50.697095
SPXU,2025-12-10 09:54:00-05:00,50.7,50.715,50.67,50.68,15671.0,166.0,50.693741
SPXU,2025-12-10 09:55:00-05:00,50.67,50.78,50.67,50.78,21281.0,152.0,50.740528
SPXU,2025-12-10 09:56:00-05:00,50.8,50.8,50.7,50.72,26241.0,200.0,50.757777
SPXU,2025-12-10 09:57:00-05:00,50.705,50.72,50.66,50.66,24555.0,190.0,50.701012
SPXU,2025-12-10 09:58:00-05:00,50.67,50.71,50.66,50.69,18923.0,153.0,50.682012
SPXU,2025-12-10 09:59:00-05:00,50.69,50.69,50.6,50.61,15311.0,98.0,50.631255
SPXU,2025-12-10 10:00:00-05:00,50.65,50.6901,50.62,50.6901,23388.0,174.0,50.654896
SPXU,2025-12-10 10:01:00-05:00,50.69,50.715,50.66,50.68,29143.0,221.0,50.687196
SPXU,2025-12-10 10:02:00-05:00,50.685,50.7,50.65,50.67,21149.0,137.0,50.681825
SPXU,2025-12-10 10:03:00-05:00,50.67,50.69,50.64,50.65,16302.0,112.0,50.664379
SPXU,2025-12-10 10:04:00-05:00,50.66,50.67,50.64,50.67,8176.0,75.0,50.659231
SPXU,2025-12-10 10:05:00-05:00,50.67,50.69,50.64,50.65,9787.0,65.0,50.661592
SPXU,2025-12-10 10:06:00-05:00,50.64,50.64,50.57,50.58,13731.0,100.0,50.599935
SPXU,2025-12-10 10:07:00-05:00,50.57,50.61,50.57,50.61,12458.0,78.0,50.592947
SPXU,2025-12-10 10:08:00-05:00,50.6,50.6101,50.59,50.61,12463.0,74.0,50.601432
SPXU,2025-12-10 10:09:00-05:00,50.62,50.64,50.6,50.63,10552.0,68.0,50.61806
SPXU,2025-12-10 10:10:00-05:00,50.64,50.65,50.62,50.62,25873.0,142.0,50.631327
SPXU,2025-12-10 10:11:00-05:00,50.615,50.63,50.5985,50.6,11044.0,58.0,50.609647
SPXU,2025-12-10 10:12:00-05:00,50.61,50.615,50.56,50.56,8093.0,75.0,50.587473
SPXU,2025-12-10 10:13:00-05:00,50.57,50.63,50.57,50.63,13874.0,104.0,50.595227
SPXU,2025-12-10 10:14:00-05:00,50.63,50.65,50.63,50.64,14019.0,108.0,50.643153
SPXU,2025-12-10 10:15:00-05:00,50.65,50.67,50.64,50.64,13890.0,98.0,50.652999
SPXU,2025-12-10 10:16:00-05:00,50.64,50.665,50.62,50.6451,7531.0,41.0,50.642112
SPXU,2025-12-10 10:17:00-05:00,50.65,50.66,50.58,50.58,31077.0,75.0,50.623858
SPXU,2025-12-10 10:18:00-05:00,50.6,50.62,50.59,50.59,9851.0,52.0,50.607127
SPXU,2025-12-10 10:19:00-05:00,50.59,50.59,50.555,50.58,6968.0,58.0,50.574634
SPXU,2025-12-10 10:20:00-05:00,50.59,50.65,50.59,50.65,10846.0,91.0,50.635076
SPXU,2025-12-10 10:21:00-05:00,50.65,50.65,50.58,50.6,7055.0,56.0,50.61029
SPXU,2025-12-10 10:22:00-05:00,50.6,50.6,50.56,50.58,10285.0,63.0,50.580474
SPXU,2025-12-10 10:23:00-05:00,50.61,50.61,50.585,50.6,4077.0,39.0,50.601162
SPXU,2025-12-10 10:24:00-05:00,50.58,50.6,50.58,50.6,10050.0,51.0,50.585077
SPXU,2025-12-10 10:25:00-05:00,50.61,50.64,50.61,50.63,9092.0,58.0,50.621237
SPXU,2025-12-10 10:26:00-05:00,50.63,50.68,50.63,50.65,5336.0,41.0,50.654364
SPXU,2025-12-10 10:27:00-05:00,50.65,50.68,50.65,50.68,7581.0,52.0,50.663803
SPXU,2025-12-10 10:28:00-05:00,50.67,50.7,50.66,50.66,13934.0,97.0,50.675413
SPXU,2025-12-10 10:29:00-05:00,50.66,50.66,50.64,50.65,4225.0,42.0,50.641948
SPXU,2025-12-10 10:30:00-05:00,50.66,50.67,50.6456,50.67,19064.0,104.0,50.656636
SPXU,2025-12-10 10:31:00-05:00,50.685,50.6956,50.6844,50.69,4939.0,55.0,50.690094
SPXU,2025-12-10 10:32:00-05:00,50.7,50.73,50.7,50.73,8943.0,58.0,50.714335
SPXU,2025-12-10 10:33:00-05:00,50.73,50.74,50.7,50.71,8569.0,53.0,50.726356
SPXU,2025-12-10 10:34:00-05:00,50.71,50.79,50.71,50.77,6408.0,51.0,50.761725
SPXU,2025-12-10 10:35:00-05:00,50.77,50.83,50.77,50.81,31882.0,146.0,50.800853
SPXU,2025-12-10 10:36:00-05:00,50.8,50.87,50.8,50.87,10358.0,70.0,50.831843
SPXU,2025-12-10 10:37:00-05:00,50.875,50.9167,50.875,50.89,17947.0,120.0,50.89839
SPXU,2025-12-10 10:38:00-05:00,50.9,50.94,50.88,50.9,41041.0,115.0,50.903914
SPXU,2025-12-10 10:39:00-05:00,50.91,50.92,50.85,50.875,19631.0,103.0,50.889481
SPXU,2025-12-10 10:40:00-05:00,50.88,50.94,50.875,50.9,16199.0,107.0,50.906389
SPXU,2025-12-10 10:41:00-05:00,50.88,50.88,50.83,50.84,13679.0,94.0,50.867542
SPXU,2025-12-10 10:42:00-05:00,50.84,50.84,50.78,50.78,14872.0,80.0,50.8016
SPXU,2025-12-10 10:43:00-05:00,50.78,50.82,50.78,50.7801,6937.0,57.0,50.801827
SPXU,2025-12-10 10:44:00-05:00,50.76,50.78,50.74,50.77,14526.0,98.0,50.76131
SPXU,2025-12-10 10:45:00-05:00,50.79,50.815,50.777,50.7832,12378.0,79.0,50.791024
SPXU,2025-12-10 10:46:00-05:00,50.79,50.79,50.76,50.78,6169.0,51.0,50.772833
SPXU,2025-12-10 10:47:00-05:00,50.78,50.78,50.72,50.72,12663.0,82.0,50.745422
SPXU,2025-12-10 10:48:00-05:00,50.72,50.72,50.68,50.68,11069.0,67.0,50.706945
SPXU,2025-12-10 10:49:00-05:00,50.66,50.67,50.62,50.62,6859.0,55.0,50.639231
SPXU,2025-12-10 10:50:00-05:00,50.62,50.6552,50.61,50.63,12854.0,68.0,50.631932
SPXU,2025-12-10 10:51:00-05:00,50.62,50.67,50.61,50.67,5815.0,46.0,50.633214
SPXU,2025-12-10 10:52:00-05:00,50.68,50.755,50.68,50.75,8207.0,69.0,50.715218
SPXU,2025-12-10 10:53:00-05:00,50.75,50.78,50.74,50.76,14816.0,87.0,50.757293
SPXU,2025-12-10 10:54:00-05:00,50.77,50.8,50.76,50.8,47363.0,165.0,50.781598
SPXU,2025-12-10 10:55:00-05:00,50.8,50.86,50.8,50.86,27922.0,155.0,50.843745
SPXU,2025-12-10 10:56:00-05:00,50.85,50.85,50.8,50.82,15911.0,105.0,50.821746
SPXU,2025-12-10 10:57:00-05:00,50.83,50.83,50.77,50.78,6769.0,58.0,50.805772
SPXU,2025-12-10 10:58:00-05:00,50.77,50.85,50.77,50.83,10440.0,73.0,50.805412
SPXU,2025-12-10 10:59:00-05:00,50.83,50.83,50.81,50.83,4393.0,35.0,50.823343
SPXU,2025-12-10 11:00:00-05:00,50.82,50.92,50.82,50.88,19961.0,137.0,50.887521
SPXU,2025-12-10 11:01:00-05:00,50.88,50.915,50.87,50.915,13225.0,98.0,50.897176
SPXU,2025-12-10 11:02:00-05:00,50.92,50.96,50.91,50.96,12893.0,94.0,50.931496
SPXU,2025-12-10 11:03:00-05:00,50.9656,50.99,50.93,50.93,11115.0,86.0,50.968997
SPXU,2025-12-10 11:04:00-05:00,50.95,50.96,50.89,50.89,10571.0,77.0,50.9246
SPXU,2025-12-10 11:05:00-05:00,50.88,50.8948,50.85,50.86,11201.0,66.0,50.87349
SPXU,2025-12-10 11:06:00-05:00,50.88,50.89,50.86,50.86,7421.0,57.0,50.8775
SPXU,2025-12-10 11:07:00-05:00,50.83,50.83,50.765,50.77,15170.0,85.0,50.797815
SPXU,2025-12-10 11:08:00-05:00,50.76,50.79,50.76,50.79,9493.0,66.0,50.773408
SPXU,2025-12-10 11:09:00-05:00,50.795,50.795,50.74,50.76,10187.0,62.0,50.756648
SPXU,2025-12-10 11:10:00-05:00,50.77,50.805,50.76,50.76,10458.0,51.0,50.777209
SPXU,2025-12-10 11:11:00-05:00,50.76,50.77,50.69,50.7,6557.0,64.0,50.723273
SPXU,2025-12-10 11:12:00-05:00,50.68,50.69,50.65,50.66,2738.0,33.0,50.673597
SPXU,2025-12-10 11:13:00-05:00,50.67,50.675,50.65,50.66,6383.0,49.0,50.663828
SPXU,2025-12-10 11:14:00-05:00,50.6504,50.6504,50.625,50.63,7078.0,47.0,50.641671
SPXU,2025-12-10 11:15:00-05:00,50.62,50.64,50.62,50.62,7680.0,52.0,50.626273
SPXU,2025-12-10 11:16:00-05:00,50.62,50.63,50.61,50.6244,5753.0,45.0,50.620333
SPXU,2025-12-10 11:17:00-05:00,50.62,50.64,50.5845,50.61,19042.0,61.0,50.616752
SPXU,2025-12-10 11:18:00-05:00,50.615,50.615,50.54,50.55,11644.0,79.0,50.558251
SPXU,2025-12-10 11:19:00-05:00,50.55,50.55,50.51,50.5148,8548.0,63.0,50.523966
SPXU,2025-12-10 11:20:00-05:00,50.5,50.55,50.49,50.53,16158.0,98.0,50.520626
SPXU,2025-12-10 11:21:00-05:00,50.53,50.57,50.52,50.57,16421.0,81.0,50.55333
SPXU,2025-12-10 11:22:00-05:00,50.57,50.57,50.5,50.5,7592.0,65.0,50.527554
SPXU,2025-12-10 11:23:00-05:00,50.5,50.51,50.49,50.49,5718.0,40.0,50.499807
SPXU,2025-12-10 11:24:00-05:00,50.5,50.51,50.48,50.51,6883.0,54.0,50.502464
SPXU,2025-12-10 11:25:00-05:00,50.53,50.56,50.53,50.5599,18197.0,88.0,50.545989
SPXU,2025-12-10 11:26:00-05:00,50.53,50.54,50.495,50.495,2081.0,28.0,50.518566
SPXU,2025-12-10 11:27:00-05:00,50.48,50.48,50.46,50.48,13067.0,60.0,50.470351
SPXU,2025-12-10 11:28:00-05:00,50.5,50.51,50.5,50.51,13265.0,47.0,50.509465
SPXU,2025-12-10 11:29:00-05:00,50.48,50.48,50.47,50.48,5868.0,40.0,50.475179
SPXU,2025-12-10 11:30:00-05:00,50.49,50.52,50.4707,50.5,10162.0,79.0,50.501606
SPXU,2025-12-10 11:31:00-05:00,50.51,50.52,50.5,50.515,6337.0,53.0,50.511228
SPXU,2025-12-10 11:32:00-05:00,50.52,50.52,50.48,50.48,5709.0,46.0,50.4974
SPXU,2025-12-10 11:33:00-05:00,50.48,50.5,50.48,50.5,5708.0,39.0,50.494624
SPXU,2025-12-10 11:34:00-05:00,50.5,50.5,50.47,50.47,2271.0,35.0,50.492704
SPXU,2025-12-10 11:35:00-05:00,50.47,50.485,50.47,50.47,10201.0,58.0,50.476274
SPXU,2025-12-10 11:36:00-05:00,50.47,50.495,50.47,50.49,6096.0,42.0,50.482417
SPXU,2025-12-10 11:37:00-05:00,50.5,50.53,50.5,50.51,9188.0,54.0,50.515283
SPXU,2025-12-10 11:38:00-05:00,50.51,50.51,50.49,50.51,7413.0,41.0,50.504614
SPXU,2025-12-10 11:39:00-05:00,50.51,50.51,50.49,50.49,2053.0,35.0,50.499444
SPXU,2025-12-10 11:40:00-05:00,50.5,50.55,50.5,50.54,10495.0,43.0,50.530613
SPXU,2025-12-10 11:41:00-05:00,50.5392,50.56,50.5392,50.56,12345.0,84.0,50.55001
SPXU,2025-12-10 11:42:00-05:00,50.57,50.59,50.55,50.5868,3785.0,30.0,50.571514
SPXU,2025-12-10 11:43:00-05:00,50.57,50.59,50.57,50.57,10409.0,45.0,50.579318
SPXU,2025-12-10 11:44:00-05:00,50.58,50.61,50.58,50.59,10933.0,53.0,50.590113
SPXU,2025-12-10 11:45:00-05:00,50.59,50.645,50.59,50.6352,6785.0,46.0,50.616681
SPXU,2025-12-10 11:46:00-05:00,50.63,50.65,50.59,50.59,55035.0,82.0,50.623339
SPXU,2025-12-10 11:47:00-05:00,50.58,50.61,50.58,50.61,12953.0,75.0,50.597535
SPXU,2025-12-10 11:48:00-05:00,50.615,50.625,50.56,50.56,8395.0,47.0,50.591448
SPXU,2025-12-10 11:49:00-05:00,50.57,50.57,50.535,50.55,6431.0,43.0,50.550156
SPXU,2025-12-10 11:50:00-05:00,50.55,50.57,50.54,50.54,10449.0,65.0,50.562578
SPXU,2025-12-10 11:51:00-05:00,50.55,50.555,50.52,50.5206,5301.0,34.0,50.529232
SPXU,2025-12-10 11:52:00-05:00,50.53,50.54,50.5,50.5,8406.0,43.0,50.528565
SPXU,2025-12-10 11:53:00-05:00,50.51,50.52,50.5,50.51,4562.0,28.0,50.510227
SPXU,2025-12-10 11:54:00-05:00,50.51,50.53,50.51,50.51,4369.0,32.0,50.513835
SPXU,2025-12-10 11:55:00-05:00,50.52,50.54,50.52,50.53,3204.0,45.0,50.530207
SPXU,2025-12-10 11:56:00-05:00,50.54,50.54,50.52,50.52,2928.0,37.0,50.533471
SPXU,2025-12-10 11:57:00-05:00,50.51,50.5244,50.51,50.52,2575.0,28.0,50.514176
SPXU,2025-12-10 11:58:00-05:00,50.52,50.52,50.51,50.51,2769.0,30.0,50.519038
SPXU,2025-12-10 11:59:00-05:00,50.51,50.52,50.49,50.51,7718.0,41.0,50.504361
SPXU,2025-12-10 12:00:00-05:00,50.525,50.54,50.525,50.54,4288.0,33.0,50.538395
SPXU,2025-12-10 12:01:00-05:00,50.54,50.54,50.505,50.51,2967.0,24.0,50.516942
SPXU,2025-12-10 12:02:00-05:00,50.51,50.53,50.51,50.53,4057.0,28.0,50.52132
SPXU,2025-12-10 12:03:00-05:00,50.53,50.53,50.51,50.51,1445.0,17.0,50.520754
SPXU,2025-12-10 12:04:00-05:00,50.5,50.55,50.4901,50.55,8770.0,37.0,50.516657
SPXU,2025-12-10 12:05:00-05:00,50.56,50.5661,50.55,50.55,2962.0,23.0,50.56062
SPXU,2025-12-10 12:06:00-05:00,50.55,50.57,50.55,50.56,5176.0,35.0,50.560298
SPXU,2025-12-10 12:07:00-05:00,50.55,50.56,50.55,50.56,1953.0,19.0,50.554742
SPXU,2025-12-10 12:08:00-05:00,50.555,50.5755,50.55,50.5755,2710.0,30.0,50.562332
SPXU,2025-12-10 12:09:00-05:00,50.58,50.585,50.58,50.585,2598.0,23.0,50.580868
SPXU,2025-12-10 12:10:00-05:00,50.58,50.635,50.58,50.6,10987.0,59.0,50.612149
SPXU,2025-12-10 12:11:00-05:00,50.6,50.6345,50.6,50.63,8372.0,41.0,50.624639
SPXU,2025-12-10 12:12:00-05:00,50.62,50.62,50.5844,50.59,5690.0,28.0,50.603289
SPXU,2025-12-10 12:13:00-05:00,50.58,50.59,50.56,50.59,7856.0,47.0,50.568012
SPXU,2025-12-10 12:14:00-05:00,50.59,50.595,50.59,50.595,2433.0,21.0,50.590435
SPXU,2025-12-10 12:15:00-05:00,50.6,50.61,50.57,50.595,5100.0,38.0,50.594084
SPXU,2025-12-10 12:16:00-05:00,50.61,50.62,50.6,50.62,4344.0,13.0,50.615349
SPXU,2025-12-10 12:17:00-05:00,50.62,50.62,50.56,50.565,3349.0,24.0,50.5877
SPXU,2025-12-10 12:18:00-05:00,50.5634,50.6,50.5634,50.595,2651.0,30.0,50.586323
SPXU,2025-12-10 12:19:00-05:00,50.6,50.61,50.6,50.61,2039.0,24.0,50.607837
SPXU,2025-12-10 12:20:00-05:00,50.62,50.655,50.62,50.639,9135.0,62.0,50.642508
SPXU,2025-12-10 12:21:00-05:00,50.66,50.66,50.63,50.63,6275.0,38.0,50.637963
SPXU,2025-12-10 12:22:00-05:00,50.63,50.63,50.61,50.62,4448.0,28.0,50.620936
SPXU,2025-12-10 12:23:00-05:00,50.6245,50.635,50.62,50.635,2453.0,20.0,50.62621
SPXU,2025-12-10 12:24:00-05:00,50.63,50.63,50.58,50.58,3350.0,22.0,50.595493
SPXU,2025-12-10 12:25:00-05:00,50.58,50.58,50.56,50.58,7619.0,48.0,50.57512
SPXU,2025-12-10 12:26:00-05:00,50.59,50.63,50.59,50.63,1978.0,19.0,50.613684
SPXU,2025-12-10 12:27:00-05:00,50.62,50.62,50.58,50.58,3284.0,28.0,50.607772
SPXU,2025-12-10 12:28:00-05:00,50.57,50.575,50.56,50.575,4339.0,25.0,50.565118
SPXU,2025-12-10 12:29:00-05:00,50.58,50.61,50.58,50.61,4715.0,39.0,50.597047
SPXU,2025-12-10 12:30:00-05:00,50.64,50.64,50.62,50.6258,5363.0,33.0,50.630541
SPXU,2025-12-10 12:31:00-05:00,50.62,50.63,50.62,50.62,3212.0,28.0,50.621867
SPXU,2025-12-10 12:32:00-05:00,50.63,50.63,50.62,50.62,4662.0,30.0,50.624348
SPXU,2025-12-10 12:33:00-05:00,50.62,50.62,50.6,50.61,4541.0,31.0,50.610222
SPXU,2025-12-10 12:34:00-05:00,50.61,50.61,50.59,50.59,6193.0,52.0,50.604814
SPXU,2025-12-10 12:35:00-05:00,50.6,50.605,50.6,50.605,1360.0,20.0,50.601348
SPXU,2025-12-10 12:36:00-05:00,50.6,50.61,50.5945,50.5945,5231.0,22.0,50.601466
SPXU,2025-12-10 12:37:00-05:00,50.58,50.58,50.5415,50.55,8655.0,49.0,50.558839
SPXU,2025-12-10 12:38:00-05:00,50.54,50.575,50.54,50.575,2992.0,31.0,50.548782
SPXU,2025-12-10 12:39:00-05:00,50.585,50.62,50.585,50.62,5717.0,32.0,50.610719
SPXU,2025-12-10 12:40:00-05:00,50.63,50.63,50.61,50.61,4089.0,37.0,50.620512
SPXU,2025-12-10 12:41:00-05:00,50.6,50.61,50.595,50.61,2927.0,19.0,50.60069
SPXU,2025-12-10 12:42:00-05:00,50.61,50.65,50.61,50.64,2873.0,25.0,50.630714
SPXU,2025-12-10 12:43:00-05:00,50.655,50.66,50.64,50.64,3889.0,23.0,50.657543
SPXU,2025-12-10 12:44:00-05:00,50.65,50.65,50.6351,50.65,3042.0,36.0,50.644906
SPXU,2025-12-10 12:45:00-05:00,50.64,50.64,50.61,50.63,8827.0,66.0,50.617123
SPXU,2025-12-10 12:46:00-05:00,50.63,50.63,50.62,50.63,4607.0,39.0,50.624871
SPXU,2025-12-10 12:47:00-05:00,50.62,50.62,50.61,50.61,1802.0,27.0,50.6113
SPXU,2025-12-10 12:48:00-05:00,50.61,50.61,50.57,50.57,9663.0,22.0,50.607598
SPXU,2025-12-10 12:49:00-05:00,50.57,50.57,50.55,50.55,966.0,16.0,50.563333
SPXU,2025-12-10 12:50:00-05:00,50.56,50.56,50.51,50.5201,8498.0,50.0,50.540115
SPXU,2025-12-10 12:51:00-05:00,50.52,50.52,50.49,50.49,4883.0,36.0,50.501249
SPXU,2025-12-10 12:52:00-05:00,50.5,50.53,50.5,50.5,6599.0,52.0,50.509011
SPXU,2025-12-10 12:53:00-05:00,50.5,50.5,50.4656,50.48,11334.0,44.0,50.472653
SPXU,2025-12-10 12:54:00-05:00,50.48,50.4899,50.44,50.4516,6490.0,49.0,50.460233
SPXU,2025-12-10 12:55:00-05:00,50.45,50.45,50.39,50.4,24808.0,134.0,50.417081
SPXU,2025-12-10 12:56:00-05:00,50.4,50.45,50.39,50.45,8922.0,61.0,50.442323
SPXU,2025-12-10 12:57:00-05:00,50.465,50.47,50.45,50.47,13038.0,66.0,50.454937
SPXU,2025-12-10 12:58:00-05:00,50.48,50.48,50.45,50.47,5440.0,34.0,50.472047
SPXU,2025-12-10 12:59:00-05:00,50.47,50.47,50.46,50.46,2350.0,21.0,50.468102
SPXU,2025-12-10 13:00:00-05:00,50.47,50.47,50.445,50.46,7810.0,56.0,50.455739
SPXU,2025-12-10 13:01:00-05:00,50.47,50.47,50.46,50.47,3640.0,32.0,50.466267
SPXU,2025-12-10 13:02:00-05:00,50.47,50.5,50.47,50.5,4068.0,34.0,50.48175
SPXU,2025-12-10 13:03:00-05:00,50.5,50.5068,50.48,50.48,11932.0,43.0,50.500726
SPXU,2025-12-10 13:04:00-05:00,50.49,50.49,50.47,50.485,3655.0,31.0,50.483334
SPXU,2025-12-10 13:05:00-05:00,50.48,50.49,50.4698,50.47,6363.0,44.0,50.479509
SPXU,2025-12-10 13:06:00-05:00,50.47,50.4756,50.42,50.44,7690.0,45.0,50.443105
SPXU,2025-12-10 13:07:00-05:00,50.43,50.45,50.42,50.45,5000.0,45.0,50.431861
SPXU,2025-12-10 13:08:00-05:00,50.46,50.46,50.46,50.46,1144.0,12.0,50.46
SPXU,2025-12-10 13:09:00-05:00,50.44,50.445,50.44,50.44,3327.0,18.0,50.440583
SPXU,2025-12-10 13:10:00-05:00,50.44,50.46,50.44,50.45,6158.0,29.0,50.444656
SPXU,2025-12-10 13:11:00-05:00,50.46,50.465,50.45,50.45,5583.0,36.0,50.456545
SPXU,2025-12-10 13:12:00-05:00,50.45,50.45,50.435,50.44,6234.0,34.0,50.4425
SPXU,2025-12-10 13:13:00-05:00,50.46,50.47,50.46,50.465,2209.0,19.0,50.464716
SPXU,2025-12-10 13:14:00-05:00,50.46,50.46,50.45,50.46,2149.0,19.0,50.455654
SPXU,2025-12-10 13:15:00-05:00,50.4665,50.47,50.45,50.46,3448.0,23.0,50.460694
SPXU,2025-12-10 13:16:00-05:00,50.47,50.49,50.47,50.49,2156.0,23.0,50.484286
SPXU,2025-12-10 13:17:00-05:00,50.49,50.5,50.48,50.48,4282.0,34.0,50.485798
SPXU,2025-12-10 13:18:00-05:00,50.49,50.51,50.49,50.5099,3809.0,20.0,50.502965
SPXU,2025-12-10 13:19:00-05:00,50.51,50.51,50.4914,50.5,1966.0,18.0,50.500674
SPXU,2025-12-10 13:20:00-05:00,50.52,50.55,50.52,50.55,8804.0,52.0,50.53064
SPXU,2025-12-10 13:21:00-05:00,50.55,50.55,50.54,50.54,3011.0,23.0,50.5438
SPXU,2025-12-10 13:22:00-05:00,50.535,50.56,50.53,50.56,4331.0,50.0,50.540538
SPXU,2025-12-10 13:23:00-05:00,50.56,50.575,50.55,50.5699,5246.0,26.0,50.562822
SPXU,2025-12-10 13:24:00-05:00,50.575,50.605,50.57,50.6,11613.0,47.0,50.596711
SPXU,2025-12-10 13:25:00-05:00,50.61,50.63,50.61,50.615,16410.0,78.0,50.617843
SPXU,2025-12-10 13:26:00-05:00,50.61,50.69,50.61,50.69,6816.0,52.0,50.655775
SPXU,2025-12-10 13:27:00-05:00,50.7,50.705,50.65,50.66,19925.0,83.0,50.666672
SPXU,2025-12-10 13:28:00-05:00,50.67,50.715,50.67,50.7,13974.0,91.0,50.697839
SPXU,2025-12-10 13:29:00-05:00,50.69,50.7,50.66,50.675,15784.0,71.0,50.676877
SPXU,2025-12-10 13:30:00-05:00,50.71,50.72,50.6682,50.6682,7804.0,51.0,50.694875
SPXU,2025-12-10 13:31:00-05:00,50.64,50.645,50.63,50.63,7695.0,67.0,50.63877
SPXU,2025-12-10 13:32:00-05:00,50.62,50.64,50.62,50.64,4939.0,44.0,50.632782
SPXU,2025-12-10 13:33:00-05:00,50.62,50.6557,50.62,50.655,10464.0,73.0,50.64512
SPXU,2025-12-10 13:34:00-05:00,50.67,50.67,50.65,50.66,4715.0,36.0,50.660217
SPXU,2025-12-10 13:35:00-05:00,50.6458,50.66,50.63,50.63,4217.0,28.0,50.645229
SPXU,2025-12-10 13:36:00-05:00,50.62,50.62,50.58,50.58,6073.0,38.0,50.603115
SPXU,2025-12-10 13:37:00-05:00,50.57,50.64,50.57,50.63,8185.0,50.0,50.619819
SPXU,2025-12-10 13:38:00-05:00,50.62,50.6499,50.62,50.63,23334.0,32.0,50.632244
SPXU,2025-12-10 13:39:00-05:00,50.64,50.65,50.6099,50.6099,4187.0,34.0,50.635754
SPXU,2025-12-10 13:40:00-05:00,50.61,50.69,50.61,50.67,25393.0,125.0,50.65022
SPXU,2025-12-10 13:41:00-05:00,50.68,50.71,50.68,50.7,6538.0,41.0,50.690608
SPXU,2025-12-10 13:42:00-05:00,50.69,50.715,50.68,50.68,7181.0,37.0,50.690857
SPXU,2025-12-10 13:43:00-05:00,50.68,50.68,50.66,50.66,4122.0,33.0,50.669434
SPXU,2025-12-10 13:44:00-05:00,50.6599,50.72,50.6599,50.72,7354.0,61.0,50.690181
SPXU,2025-12-10 13:45:00-05:00,50.72,50.735,50.6852,50.6852,6641.0,60.0,50.70575
SPXU,2025-12-10 13:46:00-05:00,50.69,50.72,50.68,50.7,6818.0,49.0,50.694925
SPXU,2025-12-10 13:47:00-05:00,50.71,50.71,50.685,50.69,3381.0,22.0,50.689544
SPXU,2025-12-10 13:48:00-05:00,50.68,50.709,50.68,50.68,3395.0,36.0,50.693449
SPXU,2025-12-10 13:49:00-05:00,50.66,50.66,50.63,50.6352,3144.0,28.0,50.637903
SPXU,2025-12-10 13:50:00-05:00,50.64,50.67,50.64,50.6565,15380.0,77.0,50.658341
SPXU,2025-12-10 13:51:00-05:00,50.67,50.6748,50.66,50.67,4103.0,37.0,50.66961
SPXU,2025-12-10 13:52:00-05:00,50.67,50.67,50.6401,50.66,2869.0,33.0,50.66113
SPXU,2025-12-10 13:53:00-05:00,50.65,50.69,50.65,50.69,5065.0,32.0,50.675647
SPXU,2025-12-10 13:54:00-05:00,50.69,50.71,50.69,50.709,8481.0,48.0,50.703556
SPXU,2025-12-10 13:55:00-05:00,50.695,50.74,50.695,50.73,7050.0,52.0,50.726436
SPXU,2025-12-10 13:56:00-05:00,50.74,50.75,50.74,50.745,5117.0,45.0,50.744656
SPXU,2025-12-10 13:57:00-05:00,50.765,50.77,50.715,50.715,10245.0,58.0,50.744303
SPXU,2025-12-10 13:58:00-05:00,50.72,50.72,50.6628,50.68,11677.0,60.0,50.677392
SPXU,2025-12-10 13:59:00-05:00,50.69,50.711,50.68,50.68,37629.0,88.0,50.699599
SPXU,2025-12-10 14:00:00-05:00,50.68,50.71,50.16,50.285,264627.0,1349.0,50.399045
SPXU,2025-12-10 14:01:00-05:00,50.28,50.43,50.25,50.42,278261.0,1267.0,50.323119
SPXU,2025-12-10 14:02:00-05:00,50.41,50.52,50.35,50.52,41986.0,109.0,50.418925
SPXU,2025-12-10 14:03:00-05:00,50.54,50.57,50.47,50.47,47733.0,50.0,50.499708
SPXU,2025-12-10 14:04:00-05:00,50.47,50.5,50.3824,50.45,105488.0,177.0,50.409694
SPXU,2025-12-10 14:05:00-05:00,50.44,50.47,50.35,50.41,21379.0,76.0,50.403582
SPXU,2025-12-10 14:06:00-05:00,50.4,50.4,50.19,50.19,20307.0,108.0,50.304161
SPXU,2025-12-10 14:07:00-05:00,50.17,50.215,50.06,50.2,76128.0,299.0,50.144537
SPXU,2025-12-10 14:08:00-05:00,50.19,50.19,50.14,50.17,37749.0,97.0,50.155276
SPXU,2025-12-10 14:09:00-05:00,50.2,50.2,50.11,50.14,9023.0,73.0,50.152303
SPXU,2025-12-10 14:10:00-05:00,50.115,50.18,50.04,50.12,102348.0,162.0,50.148662
SPXU,2025-12-10 14:11:00-05:00,50.11,50.24,50.07,50.24,19110.0,98.0,50.143166
SPXU,2025-12-10 14:12:00-05:00,50.245,50.25,50.2,50.2,27186.0,45.0,50.242379
SPXU,2025-12-10 14:13:00-05:00,50.21,50.285,50.21,50.28,5401.0,31.0,50.241171
SPXU,2025-12-10 14:14:00-05:00,50.24,50.2882,50.2108,50.26,4964.0,22.0,50.239358
SPXU,2025-12-10 14:15:00-05:00,50.2599,50.2599,50.135,50.135,4274.0,37.0,50.196484
SPXU,2025-12-10 14:16:00-05:00,50.12,50.14,50.08,50.09,7563.0,41.0,50.103157
SPXU,2025-12-10 14:17:00-05:00,50.08,50.12,50.08,50.1,8688.0,89.0,50.099161
SPXU,2025-12-10 14:18:00-05:00,50.165,50.2599,50.165,50.25,31769.0,179.0,50.188798
SPXU,2025-12-10 14:19:00-05:00,50.27,50.2783,50.2,50.2,16752.0,91.0,50.242141
SPXU,2025-12-10 14:20:00-05:00,50.2,50.24,50.2,50.2,8259.0,79.0,50.210934
SPXU,2025-12-10 14:21:00-05:00,50.2,50.265,50.2,50.2445,11059.0,63.0,50.234812
SPXU,2025-12-10 14:22:00-05:00,50.22,50.35,50.22,50.29,19512.0,131.0,50.271843
SPXU,2025-12-10 14:23:00-05:00,50.275,50.37,50.275,50.35,15586.0,120.0,50.342589
SPXU,2025-12-10 14:24:00-05:00,50.37,50.44,50.37,50.44,7659.0,73.0,50.406219
SPXU,2025-12-10 14:25:00-05:00,50.43,50.43,50.35,50.39,18106.0,87.0,50.372499
SPXU,2025-12-10 14:26:00-05:00,50.4,50.47,50.4,50.45,12438.0,92.0,50.441602
SPXU,2025-12-10 14:27:00-05:00,50.43,50.52,50.4,50.52,11894.0,87.0,50.477834
SPXU,2025-12-10 14:28:00-05:00,50.53,50.59,50.49,50.49,26423.0,185.0,50.551182
SPXU,2025-12-10 14:29:00-05:00,50.465,50.52,50.39,50.39,127247.0,585.0,50.46322
SPXU,2025-12-10 14:30:00-05:00,50.38,50.38,50.26,50.28,11647.0,139.0,50.293122
SPXU,2025-12-10 14:31:00-05:00,50.29,50.415,50.26,50.26,39174.0,301.0,50.340865
SPXU,2025-12-10 14:32:00-05:00,50.24,50.255,50.15,50.19,27065.0,249.0,50.199336
SPXU,2025-12-10 14:33:00-05:00,50.18,50.18,50.07,50.11,27950.0,244.0,50.108007
SPXU,2025-12-10 14:34:00-05:00,50.1,50.105,49.915,49.9901,45869.0,285.0,49.978855
SPXU,2025-12-10 14:35:00-05:00,49.99,50.07,49.79,49.86,100025.0,680.0,49.878857
SPXU,2025-12-10 14:36:00-05:00,49.86,50.13,49.83,50.1,89684.0,675.0,50.031407
SPXU,2025-12-10 14:37:00-05:00,50.13,50.21,50.06,50.14,51493.0,446.0,50.113337
SPXU,2025-12-10 14:38:00-05:00,50.12,50.12,49.94,50.02,64463.0,479.0,49.988199
SPXU,2025-12-10 14:39:00-05:00,50.01,50.01,49.9,49.98,34384.0,304.0,49.939385
SPXU,2025-12-10 14:40:00-05:00,49.96,50.39,49.925,50.34,150277.0,1075.0,50.13015
SPXU,2025-12-10 14:41:00-05:00,50.31,50.48,50.31,50.39,43555.0,222.0,50.393737
SPXU,2025-12-10 14:42:00-05:00,50.4,50.57,50.35,50.4136,28029.0,183.0,50.470746
SPXU,2025-12-10 14:43:00-05:00,50.33,50.38,50.29,50.38,16245.0,96.0,50.330465
SPXU,2025-12-10 14:44:00-05:00,50.46,50.51,50.32,50.34,26921.0,143.0,50.430479
SPXU,2025-12-10 14:45:00-05:00,50.36,50.37,50.0879,50.17,13769.0,104.0,50.167477
SPXU,2025-12-10 14:46:00-05:00,50.12,50.18,50.02,50.18,18596.0,85.0,50.082644
SPXU,2025-12-10 14:47:00-05:00,50.12,50.22,50.04,50.1625,26067.0,188.0,50.131175
SPXU,2025-12-10 14:48:00-05:00,50.14,50.21,50.09,50.11,18161.0,127.0,50.143831
SPXU,2025-12-10 14:49:00-05:00,50.1,50.11,50.06,50.0977,6965.0,36.0,50.088186
SPXU,2025-12-10 14:50:00-05:00,50.16,50.19,50.0773,50.1,25080.0,106.0,50.144594
SPXU,2025-12-10 14:51:00-05:00,50.06,50.06,49.89,49.9899,36890.0,181.0,49.976752
SPXU,2025-12-10 14:52:00-05:00,49.97,49.97,49.83,49.83,20812.0,103.0,49.877795
SPXU,2025-12-10 14:53:00-05:00,49.8498,49.85,49.78,49.78,22025.0,150.0,49.813023
SPXU,2025-12-10 14:54:00-05:00,49.77,49.77,49.66,49.74,43531.0,162.0,49.701451
SPXU,2025-12-10 14:55:00-05:00,49.74,49.75,49.65,49.705,27935.0,115.0,49.681516
SPXU,2025-12-10 14:56:00-05:00,49.72,49.72,49.6299,49.6699,67556.0,102.0,49.670276
SPXU,2025-12-10 14:57:00-05:00,49.62,49.68,49.59,49.64,265064.0,1327.0,49.6256
SPXU,2025-12-10 14:58:00-05:00,49.63,49.63,49.53,49.563,184831.0,230.0,49.586408
SPXU,2025-12-10 14:59:00-05:00,49.54,49.61,49.54,49.56,12296.0,69.0,49.570118
SPXU,2025-12-10 15:00:00-05:00,49.55,49.6999,49.5,49.69,46733.0,218.0,49.586373
SPXU,2025-12-10 15:01:00-05:00,49.7,49.7199,49.635,49.685,24869.0,88.0,49.6852
SPXU,2025-12-10 15:02:00-05:00,49.725,49.73,49.58,49.58,19863.0,104.0,49.62136
SPXU,2025-12-10 15:03:00-05:00,49.5796,49.61,49.52,49.57,98472.0,175.0,49.57728
SPXU,2025-12-10 15:04:00-05:00,49.55,49.55,49.45,49.49,18985.0,106.0,49.493634
SPXU,2025-12-10 15:05:00-05:00,49.5,49.51,49.45,49.46,21549.0,107.0,49.484431
SPXU,2025-12-10 15:06:00-05:00,49.48,49.545,49.45,49.51,18058.0,126.0,49.486565
SPXU,2025-12-10 15:07:00-05:00,49.52,49.6,49.49,49.49,16186.0,100.0,49.542557
SPXU,2025-12-10 15:08:00-05:00,49.48,49.51,49.44,49.44,33163.0,172.0,49.473134
SPXU,2025-12-10 15:09:00-05:00,49.44,49.4982,49.43,49.48,21966.0,107.0,49.456321
SPXU,2025-12-10 15:10:00-05:00,49.47,49.531,49.45,49.51,17062.0,132.0,49.507111
SPXU,2025-12-10 15:11:00-05:00,49.49,49.55,49.47,49.52,14045.0,116.0,49.520332
SPXU,2025-12-10 15:12:00-05:00,49.52,49.52,49.415,49.4399,14023.0,108.0,49.466314
SPXU,2025-12-10 15:13:00-05:00,49.44,49.45,49.4,49.44,12851.0,138.0,49.414921
SPXU,2025-12-10 15:14:00-05:00,49.43,49.4385,49.41,49.4299,6741.0,72.0,49.425584
SPXU,2025-12-10 15:15:00-05:00,49.43,49.5,49.41,49.5,19040.0,170.0,49.455788
SPXU,2025-12-10 15:16:00-05:00,49.5,49.51,49.4,49.45,77485.0,360.0,49.483218
SPXU,2025-12-10 15:17:00-05:00,49.44,49.46,49.43,49.46,13726.0,113.0,49.447764
SPXU,2025-12-10 15:18:00-05:00,49.4416,49.52,49.44,49.51,18252.0,161.0,49.499827
SPXU,2025-12-10 15:19:00-05:00,49.51,49.53,49.45,49.48,20545.0,147.0,49.47559
SPXU,2025-12-10 15:20:00-05:00,49.485,49.52,49.37,49.47,29601.0,231.0,49.442846
SPXU,2025-12-10 15:21:00-05:00,49.475,49.485,49.385,49.385,18350.0,205.0,49.435856
SPXU,2025-12-10 15:22:00-05:00,49.3855,49.485,49.365,49.47,22199.0,168.0,49.437815
SPXU,2025-12-10 15:23:00-05:00,49.45,49.56,49.425,49.54,78020.0,224.0,49.504838
SPXU,2025-12-10 15:24:00-05:00,49.53,49.56,49.52,49.54,12638.0,137.0,49.539283
SPXU,2025-12-10 15:25:00-05:00,49.54,49.58,49.44,49.46,14293.0,161.0,49.503241
SPXU,2025-12-10 15:26:00-05:00,49.465,49.48,49.42,49.445,12791.0,121.0,49.453336
SPXU,2025-12-10 15:27:00-05:00,49.445,49.455,49.422,49.44,17654.0,123.0,49.441078
SPXU,2025-12-10 15:28:00-05:00,49.45,49.495,49.445,49.495,5216.0,73.0,49.470376
SPXU,2025-12-10 15:29:00-05:00,49.5,49.525,49.49,49.5,6136.0,88.0,49.505923
SPXU,2025-12-10 15:30:00-05:00,49.51,49.54,49.47,49.49,9329.0,110.0,49.507342
SPXU,2025-12-10 15:31:00-05:00,49.48,49.505,49.45,49.46,8489.0,111.0,49.46576
SPXU,2025-12-10 15:32:00-05:00,49.45,49.465,49.375,49.375,19277.0,186.0,49.425794
SPXU,2025-12-10 15:33:00-05:00,49.36,49.375,49.34,49.345,173928.0,533.0,49.366687
SPXU,2025-12-10 15:34:00-05:00,49.34,49.385,49.325,49.38,11871.0,139.0,49.356679
SPXU,2025-12-10 15:35:00-05:00,49.38,49.4007,49.36,49.39,12222.0,132.0,49.375866
SPXU,2025-12-10 15:36:00-05:00,49.39,49.425,49.375,49.42,12164.0,129.0,49.406629
SPXU,2025-12-10 15:37:00-05:00,49.42,49.425,49.36,49.36,12072.0,90.0,49.395608
SPXU,2025-12-10 15:38:00-05:00,49.35,49.37,49.335,49.37,10853.0,105.0,49.351375
SPXU,2025-12-10 15:39:00-05:00,49.375,49.4,49.345,49.38,11956.0,109.0,49.374122
SPXU,2025-12-10 15:40:00-05:00,49.385,49.435,49.3555,49.43,30268.0,146.0,49.386789
SPXU,2025-12-10 15:41:00-05:00,49.44,49.46,49.42,49.44,42496.0,139.0,49.428779
SPXU,2025-12-10 15:42:00-05:00,49.45,49.48,49.42,49.45,40611.0,179.0,49.451715
SPXU,2025-12-10 15:43:00-05:00,49.46,49.47,49.45,49.47,13607.0,84.0,49.463711
SPXU,2025-12-10 15:44:00-05:00,49.46,49.475,49.44,49.455,13511.0,114.0,49.451906
SPXU,2025-12-10 15:45:00-05:00,49.4518,49.46,49.385,49.42,11636.0,123.0,49.416772
SPXU,2025-12-10 15:46:00-05:00,49.42,49.44,49.39,49.415,12989.0,125.0,49.415385
SPXU,2025-12-10 15:47:00-05:00,49.415,49.46,49.415,49.455,10453.0,123.0,49.437713
SPXU,2025-12-10 15:48:00-05:00,49.465,49.495,49.465,49.48,13267.0,135.0,49.482158
SPXU,2025-12-10 15:49:00-05:00,49.49,49.51,49.48,49.48,10187.0,104.0,49.497024
SPXU,2025-12-10 15:50:00-05:00,49.47,49.515,49.43,49.49,34557.0,325.0,49.467362
SPXU,2025-12-10 15:51:00-05:00,49.48,49.575,49.48,49.56,19262.0,182.0,49.534375
SPXU,2025-12-10 15:52:00-05:00,49.55,49.57,49.515,49.56,53705.0,360.0,49.551933
SPXU,2025-12-10 15:53:00-05:00,49.55,49.58,49.52,49.54,16184.0,245.0,49.546295
SPXU,2025-12-10 15:54:00-05:00,49.54,49.6,49.52,49.52,46192.0,328.0,49.56915
SPXU,2025-12-10 15:55:00-05:00,49.5,49.575,49.49,49.57,102642.0,357.0,49.552084
SPXU,2025-12-10 15:56:00-05:00,49.56,49.6,49.56,49.595,15725.0,144.0,49.579504
SPXU,2025-12-10 15:57:00-05:00,49.6,49.65,49.6,49.65,57427.0,411.0,49.623024
SPXU,2025-12-10 15:58:00-05:00,49.65,49.65,49.6,49.6248,159303.0,741.0,49.625374
SPXU,2025-12-10 15:59:00-05:00,49.62,49.7,49.62,49.64,145825.0,351.0,49.666106
SPXU,2025-12-11 09:30:00-05:00,50.18,50.29,50.13,50.285,136186.0,367.0,50.195677
SPXU,2025-12-11 09:31:00-05:00,50.29,50.32,50.22,50.23,52873.0,321.0,50.2825
SPXU,2025-12-11 09:32:00-05:00,50.23,50.29,50.1899,50.2,94563.0,522.0,50.231358
SPXU,2025-12-11 09:33:00-05:00,50.21,50.26,50.17,50.26,52885.0,351.0,50.221857
SPXU,2025-12-11 09:34:00-05:00,50.26,50.31,50.19,50.28,22077.0,171.0,50.253555
SPXU,2025-12-11 09:35:00-05:00,50.28,50.3,50.16,50.16,69834.0,371.0,50.222463
SPXU,2025-12-11 09:36:00-05:00,50.17,50.21,50.15,50.18,25205.0,175.0,50.176461
SPXU,2025-12-11 09:37:00-05:00,50.18,50.195,50.11,50.12,90218.0,418.0,50.161379
SPXU,2025-12-11 09:38:00-05:00,50.13,50.13,50.03,50.11,77369.0,395.0,50.074254
SPXU,2025-12-11 09:39:00-05:00,50.1,50.14,50.045,50.14,32457.0,223.0,50.085377
SPXU,2025-12-11 09:40:00-05:00,50.15,50.19,50.11,50.14,52373.0,289.0,50.15069
SPXU,2025-12-11 09:41:00-05:00,50.15,50.18,50.13,50.17,102195.0,220.0,50.15959
SPXU,2025-12-11 09:42:00-05:00,50.18,50.23,50.07,50.1,83559.0,377.0,50.127789
SPXU,2025-12-11 09:43:00-05:00,50.09,50.18,50.075,50.13,39153.0,229.0,50.125791
SPXU,2025-12-11 09:44:00-05:00,50.12,50.13,50.07,50.08,21853.0,149.0,50.094421
SPXU,2025-12-11 09:45:00-05:00,50.09,50.22,50.06,50.2,85585.0,559.0,50.154292
SPXU,2025-12-11 09:46:00-05:00,50.215,50.24,50.14,50.24,22452.0,163.0,50.179203
SPXU,2025-12-11 09:47:00-05:00,50.23,50.33,50.21,50.33,43902.0,270.0,50.272058
SPXU,2025-12-11 09:48:00-05:00,50.32,50.38,50.32,50.38,29325.0,149.0,50.345163
SPXU,2025-12-11 09:49:00-05:00,50.39,50.5,50.39,50.5,42736.0,282.0,50.455613
SPXU,2025-12-11 09:50:00-05:00,50.52,50.6,50.51,50.6,63624.0,298.0,50.564506
SPXU,2025-12-11 09:51:00-05:00,50.59,50.61,50.52,50.53,66691.0,422.0,50.564398
SPXU,2025-12-11 09:52:00-05:00,50.55,50.61,50.49,50.61,26329.0,229.0,50.546135
SPXU,2025-12-11 09:53:00-05:00,50.61,50.695,50.6,50.67,35790.0,225.0,50.647735
SPXU,2025-12-11 09:54:00-05:00,50.67,50.725,50.665,50.72,46100.0,179.0,50.697787
SPXU,2025-12-11 09:55:00-05:00,50.725,50.75,50.59,50.66,86487.0,440.0,50.660528
SPXU,2025-12-11 09:56:00-05:00,50.67,50.78,50.67,50.78,40175.0,325.0,50.719547
SPXU,2025-12-11 09:57:00-05:00,50.79,50.79,50.73,50.73,43071.0,235.0,50.768849
SPXU,2025-12-11 09:58:00-05:00,50.72,50.73,50.66,50.71,50232.0,328.0,50.700516
SPXU,2025-12-11 09:59:00-05:00,50.72,50.77,50.69,50.73,38241.0,277.0,50.736704
SPXU,2025-12-11 10:00:00-05:00,50.73,50.82,50.71,50.73,73810.0,497.0,50.766712
SPXU,2025-12-11 10:01:00-05:00,50.73,50.76,50.68,50.7,57796.0,380.0,50.715777
SPXU,2025-12-11 10:02:00-05:00,50.71,50.765,50.69,50.695,17593.0,175.0,50.730544
SPXU,2025-12-11 10:03:00-05:00,50.69,50.69,50.59,50.59,25777.0,240.0,50.632918
SPXU,2025-12-11 10:04:00-05:00,50.58,50.625,50.56,50.59,19515.0,187.0,50.586236
SPXU,2025-12-11 10:05:00-05:00,50.6,50.61,50.515,50.515,24829.0,215.0,50.565858
SPXU,2025-12-11 10:06:00-05:00,50.51,50.5355,50.47,50.47,36051.0,234.0,50.503125
SPXU,2025-12-11 10:07:00-05:00,50.47,50.47,50.39,50.39,27640.0,232.0,50.429339
SPXU,2025-12-11 10:08:00-05:00,50.39,50.39,50.31,50.31,22684.0,202.0,50.36246
SPXU,2025-12-11 10:09:00-05:00,50.31,50.34,50.27,50.28,20317.0,155.0,50.307991
SPXU,2025-12-11 10:10:00-05:00,50.27,50.35,50.255,50.35,42185.0,292.0,50.329924
SPXU,2025-12-11 10:11:00-05:00,50.36,50.39,50.24,50.24,28926.0,202.0,50.336324
SPXU,2025-12-11 10:12:00-05:00,50.23,50.24,50.1501,50.17,27595.0,197.0,50.207084
SPXU,2025-12-11 10:13:00-05:00,50.16,50.19,50.13,50.19,12641.0,101.0,50.157014
SPXU,2025-12-11 10:14:00-05:00,50.19,50.2,50.15,50.2,27999.0,155.0,50.17715
SPXU,2025-12-11 10:15:00-05:00,50.21,50.24,50.17,50.21,20652.0,167.0,50.206523
SPXU,2025-12-11 10:16:00-05:00,50.22,50.3,50.19,50.25,18445.0,157.0,50.255914
SPXU,2025-12-11 10:17:00-05:00,50.24,50.24,50.145,50.15,31223.0,163.0,50.205819
SPXU,2025-12-11 10:18:00-05:00,50.14,50.18,50.135,50.18,16923.0,90.0,50.147819
SPXU,2025-12-11 10:19:00-05:00,50.17,50.175,50.12,50.12,19145.0,107.0,50.139186
SPXU,2025-12-11 10:20:00-05:00,50.11,50.1355,50.08,50.09,15140.0,91.0,50.104274
SPXU,2025-12-11 10:21:00-05:00,50.09,50.11,50.005,50.01,58995.0,323.0,50.064059
SPXU,2025-12-11 10:22:00-05:00,50.0,50.0,49.95,49.97,23106.0,143.0,49.976376
SPXU,2025-12-11 10:23:00-05:00,49.99,49.99,49.935,49.94,12657.0,101.0,49.968089
SPXU,2025-12-11 10:24:00-05:00,49.94,49.94,49.88,49.89,21742.0,139.0,49.907218
SPXU,2025-12-11 10:25:00-05:00,49.8948,49.9797,49.89,49.9797,23192.0,131.0,49.919778
SPXU,2025-12-11 10:26:00-05:00,49.97,49.97,49.89,49.91,13628.0,108.0,49.925129
SPXU,2025-12-11 10:27:00-05:00,49.91,49.9185,49.85,49.87,16633.0,111.0,49.873747
SPXU,2025-12-11 10:28:00-05:00,49.86,49.87,49.83,49.87,10481.0,89.0,49.849587
SPXU,2025-12-11 10:29:00-05:00,49.87,49.95,49.87,49.94,19359.0,93.0,49.915251
SPXU,2025-12-11 10:30:00-05:00,49.94,49.9982,49.895,49.97,26222.0,169.0,49.958976
SPXU,2025-12-11 10:31:00-05:00,49.98,50.0,49.96,49.97,13408.0,121.0,49.981078
SPXU,2025-12-11 10:32:00-05:00,49.97,50.0,49.905,49.92,43330.0,195.0,49.942827
SPXU,2025-12-11 10:33:00-05:00,49.94,49.96,49.91,49.94,26608.0,158.0,49.934818
SPXU,2025-12-11 10:34:00-05:00,49.94,49.99,49.91,49.99,5852.0,62.0,49.944026
SPXU,2025-12-11 10:35:00-05:00,50.0,50.04,50.0,50.01,15734.0,114.0,50.025448
SPXU,2025-12-11 10:36:00-05:00,50.01,50.0782,50.0,50.05,14696.0,95.0,50.043047
SPXU,2025-12-11 10:37:00-05:00,50.04,50.11,50.02,50.065,13467.0,122.0,50.060963
SPXU,2025-12-11 10:38:00-05:00,50.07,50.08,50.0,50.0,17078.0,112.0,50.051653
SPXU,2025-12-11 10:39:00-05:00,49.99,50.01,49.94,49.95,6148.0,76.0,49.980086
SPXU,2025-12-11 10:40:00-05:00,49.97,50.08,49.97,50.075,20955.0,135.0,50.018489
SPXU,2025-12-11 10:41:00-05:00,50.08,50.1,50.03,50.03,14901.0,117.0,50.074627
SPXU,2025-12-11 10:42:00-05:00,50.04,50.08,50.01,50.08,11799.0,71.0,50.030486
SPXU,2025-12-11 10:43:00-05:00,50.07,50.0762,50.04,50.07,6275.0,63.0,50.054427
SPXU,2025-12-11 10:44:00-05:00,50.09,50.13,50.04,50.04,14274.0,74.0,50.090656
SPXU,2025-12-11 10:45:00-05:00,50.05,50.05,49.97,49.98,11077.0,86.0,50.023255
SPXU,2025-12-11 10:46:00-05:00,49.98,50.05,49.96,50.04,10891.0,108.0,49.987539
SPXU,2025-12-11 10:47:00-05:00,50.05,50.14,50.05,50.14,19554.0,173.0,50.087646
SPXU,2025-12-11 10:48:00-05:00,50.14,50.21,50.13,50.21,29955.0,151.0,50.171176
SPXU,2025-12-11 10:49:00-05:00,50.23,50.26,50.2,50.24,23123.0,147.0,50.230821
SPXU,2025-12-11 10:50:00-05:00,50.26,50.36,50.22,50.36,46628.0,220.0,50.276995
SPXU,2025-12-11 10:51:00-05:00,50.375,50.4199,50.34,50.34,20046.0,159.0,50.379647
SPXU,2025-12-11 10:52:00-05:00,50.33,50.36,50.27,50.29,11673.0,109.0,50.329202
SPXU,2025-12-11 10:53:00-05:00,50.3,50.31,50.23,50.23,7978.0,79.0,50.255542
SPXU,2025-12-11 10:54:00-05:00,50.23,50.23,50.1799,50.2,19078.0,122.0,50.207267
SPXU,2025-12-11 10:55:00-05:00,50.2,50.2001,50.1,50.115,22448.0,147.0,50.133029
SPXU,2025-12-11 10:56:00-05:00,50.09,50.09,50.04,50.085,9640.0,96.0,50.062964
SPXU,2025-12-11 10:57:00-05:00,50.09,50.15,50.06,50.065,10642.0,75.0,50.096705
SPXU,2025-12-11 10:58:00-05:00,50.05,50.08,50.035,50.05,7143.0,96.0,50.062638
SPXU,2025-12-11 10:59:00-05:00,50.04,50.07,50.02,50.06,8736.0,81.0,50.047643
SPXU,2025-12-11 11:00:00-05:00,50.06,50.17,49.97,50.09,143257.0,765.0,50.068626
SPXU,2025-12-11 11:01:00-05:00,50.08,50.12,50.08,50.11,10595.0,105.0,50.105098
SPXU,2025-12-11 11:02:00-05:00,50.1,50.1244,50.09,50.1,7710.0,89.0,50.102721
SPXU,2025-12-11 11:03:00-05:00,50.1,50.105,50.05,50.05,3999.0,63.0,50.081041
SPXU,2025-12-11 11:04:00-05:00,50.0399,50.05,50.01,50.05,8734.0,74.0,50.030873
SPXU,2025-12-11 11:05:00-05:00,50.0425,50.17,50.03,50.17,12192.0,114.0,50.11521
SPXU,2025-12-11 11:06:00-05:00,50.17,50.19,50.11,50.1319,9990.0,93.0,50.14273
SPXU,2025-12-11 11:07:00-05:00,50.12,50.12,50.08,50.11,5170.0,61.0,50.110518
SPXU,2025-12-11 11:08:00-05:00,50.12,50.16,50.1065,50.16,8838.0,78.0,50.1252
SPXU,2025-12-11 11:09:00-05:00,50.18,50.23,50.16,50.21,4956.0,70.0,50.199032
SPXU,2025-12-11 11:10:00-05:00,50.21,50.23,50.17,50.22,10396.0,95.0,50.213409
SPXU,2025-12-11 11:11:00-05:00,50.205,50.205,50.14,50.17,8539.0,80.0,50.161656
SPXU,2025-12-11 11:12:00-05:00,50.17,50.205,50.15,50.18,7043.0,78.0,50.179974
SPXU,2025-12-11 11:13:00-05:00,50.16,50.17,50.14,50.17,6851.0,72.0,50.156373
SPXU,2025-12-11 11:14:00-05:00,50.18,50.18,50.1,50.12,5819.0,64.0,50.127903
SPXU,2025-12-11 11:15:00-05:00,50.14,50.18,50.13,50.17,6124.0,64.0,50.149518
SPXU,2025-12-11 11:16:00-05:00,50.17,50.18,50.15,50.18,9557.0,92.0,50.163414
SPXU,2025-12-11 11:17:00-05:00,50.17,50.22,50.17,50.21,4314.0,49.0,50.202465
SPXU,2025-12-11 11:18:00-05:00,50.25,50.25,50.19,50.2,6676.0,78.0,50.210818
SPXU,2025-12-11 11:19:00-05:00,50.21,50.22,50.17,50.19,7063.0,57.0,50.188478
SPXU,2025-12-11 11:20:00-05:00,50.2,50.24,50.2,50.2,10090.0,75.0,50.223056
SPXU,2025-12-11 11:21:00-05:00,50.17,50.18,50.14,50.15,11589.0,101.0,50.157418
SPXU,2025-12-11 11:22:00-05:00,50.12,50.16,50.1,50.16,9989.0,82.0,50.129911
SPXU,2025-12-11 11:23:00-05:00,50.17,50.2,50.1,50.1,12853.0,65.0,50.151798
SPXU,2025-12-11 11:24:00-05:00,50.09,50.1,50.05,50.06,4397.0,60.0,50.078574
SPXU,2025-12-11 11:25:00-05:00,50.05,50.205,50.05,50.205,4304.0,71.0,50.084874
SPXU,2025-12-11 11:26:00-05:00,50.22,50.22,50.16,50.2,6222.0,56.0,50.182904
SPXU,2025-12-11 11:27:00-05:00,50.21,50.24,50.19,50.24,8777.0,68.0,50.207611
SPXU,2025-12-11 11:28:00-05:00,50.25,50.29,50.25,50.29,12921.0,91.0,50.263286
SPXU,2025-12-11 11:29:00-05:00,50.3,50.3368,50.28,50.3,10124.0,78.0,50.311429
SPXU,2025-12-11 11:30:00-05:00,50.285,50.285,50.18,50.19,7726.0,95.0,50.212372
SPXU,2025-12-11 11:31:00-05:00,50.21,50.27,50.15,50.27,8368.0,84.0,50.192981
SPXU,2025-12-11 11:32:00-05:00,50.27,50.28,50.21,50.225,8092.0,68.0,50.249312
SPXU,2025-12-11 11:33:00-05:00,50.215,50.23,50.17,50.185,6727.0,57.0,50.201583
SPXU,2025-12-11 11:34:00-05:00,50.17,50.185,50.145,50.145,6588.0,66.0,50.164789
SPXU,2025-12-11 11:35:00-05:00,50.145,50.17,50.13,50.16,6487.0,70.0,50.160994
SPXU,2025-12-11 11:36:00-05:00,50.16,50.17,50.11,50.12,7106.0,48.0,50.128083
SPXU,2025-12-11 11:37:00-05:00,50.11,50.11,50.06,50.07,7787.0,70.0,50.070861
SPXU,2025-12-11 11:38:00-05:00,50.08,50.1,50.07,50.09,5725.0,53.0,50.091084
SPXU,2025-12-11 11:39:00-05:00,50.09,50.09,50.05,50.07,3989.0,37.0,50.067312
SPXU,2025-12-11 11:40:00-05:00,50.09,50.1,50.0,50.0,6335.0,55.0,50.038352
SPXU,2025-12-11 11:41:00-05:00,50.0,50.0,49.9,49.9,10566.0,78.0,49.961076
SPXU,2025-12-11 11:42:00-05:00,49.92,49.925,49.85,49.86,7603.0,75.0,49.886003
SPXU,2025-12-11 11:43:00-05:00,49.86,49.88,49.84,49.865,12685.0,87.0,49.859278
SPXU,2025-12-11 11:44:00-05:00,49.87,49.92,49.8663,49.9,12668.0,84.0,49.881832
SPXU,2025-12-11 11:45:00-05:00,49.885,49.89,49.85,49.86,12065.0,70.0,49.869836
SPXU,2025-12-11 11:46:00-05:00,49.84,49.84,49.79,49.81,12137.0,85.0,49.804082
SPXU,2025-12-11 11:47:00-05:00,49.8,49.89,49.79,49.89,8200.0,67.0,49.817315
SPXU,2025-12-11 11:48:00-05:00,49.91,49.95,49.89,49.94,22958.0,152.0,49.919275
SPXU,2025-12-11 11:49:00-05:00,49.94,49.94,49.89,49.92,19976.0,76.0,49.904765
SPXU,2025-12-11 11:50:00-05:00,49.915,49.98,49.9,49.94,16616.0,117.0,49.946231
SPXU,2025-12-11 11:51:00-05:00,49.95,49.97,49.93,49.96,9341.0,78.0,49.953531
SPXU,2025-12-11 11:52:00-05:00,49.97,50.01,49.97,50.01,10400.0,73.0,49.987964
SPXU,2025-12-11 11:53:00-05:00,50.01,50.11,50.0,50.1,27445.0,177.0,50.07138
SPXU,2025-12-11 11:54:00-05:00,50.1,50.17,50.1,50.15,13398.0,115.0,50.137219
SPXU,2025-12-11 11:55:00-05:00,50.155,50.22,50.13,50.205,15851.0,104.0,50.175295
SPXU,2025-12-11 11:56:00-05:00,50.21,50.245,50.18,50.22,15902.0,106.0,50.22106
SPXU,2025-12-11 11:57:00-05:00,50.23,50.245,50.21,50.225,6722.0,68.0,50.228714
SPXU,2025-12-11 11:58:00-05:00,50.23,50.24,50.15,50.15,8950.0,53.0,50.215206
SPXU,2025-12-11 11:59:00-05:00,50.2,50.2,50.1,50.1,7399.0,78.0,50.13322
SPXU,2025-12-11 12:00:00-05:00,50.12,50.12,50.02,50.06,56259.0,245.0,50.065309
SPXU,2025-12-11 12:01:00-05:00,50.06,50.075,50.03,50.04,13756.0,72.0,50.052092
SPXU,2025-12-11 12:02:00-05:00,50.04,50.07,50.04,50.07,7236.0,71.0,50.066713
SPXU,2025-12-11 12:03:00-05:00,50.05,50.05,50.02,50.02,4320.0,52.0,50.029252
SPXU,2025-12-11 12:04:00-05:00,50.02,50.02,49.99,50.01,4904.0,51.0,50.002494
SPXU,2025-12-11 12:05:00-05:00,50.005,50.01,49.98,49.98,3994.0,39.0,49.993435
SPXU,2025-12-11 12:06:00-05:00,50.0,50.04,49.99,50.0,8950.0,48.0,50.007865
SPXU,2025-12-11 12:07:00-05:00,50.0,50.01,49.98,49.98,2341.0,39.0,49.993587
SPXU,2025-12-11 12:08:00-05:00,49.99,50.0,49.98,50.0,6830.0,59.0,49.989851
SPXU,2025-12-11 12:09:00-05:00,50.0,50.0232,50.0,50.02,6104.0,46.0,50.014678
SPXU,2025-12-11 12:10:00-05:00,50.02,50.02,49.92,49.96,10284.0,67.0,49.976969
SPXU,2025-12-11 12:11:00-05:00,49.96,49.96,49.93,49.94,2999.0,27.0,49.943595
SPXU,2025-12-11 12:12:00-05:00,49.94,49.95,49.89,49.9,8864.0,77.0,49.906844
SPXU,2025-12-11 12:13:00-05:00,49.9,49.9,49.82,49.82,5019.0,55.0,49.863613
SPXU,2025-12-11 12:14:00-05:00,49.8151,49.82,49.78,49.82,9855.0,66.0,49.804311
SPXU,2025-12-11 12:15:00-05:00,49.85,49.86,49.845,49.845,8548.0,92.0,49.855031
SPXU,2025-12-11 12:16:00-05:00,49.84,49.84,49.77,49.78,5203.0,53.0,49.802591
SPXU,2025-12-11 12:17:00-05:00,49.78,49.83,49.77,49.8045,4448.0,48.0,49.804266
SPXU,2025-12-11 12:18:00-05:00,49.795,49.81,49.79,49.81,1696.0,25.0,49.801088
SPXU,2025-12-11 12:19:00-05:00,49.8,49.84,49.7945,49.8,2348.0,34.0,49.814976
SPXU,2025-12-11 12:20:00-05:00,49.77,49.775,49.74,49.765,23991.0,87.0,49.759378
SPXU,2025-12-11 12:21:00-05:00,49.77,49.77,49.71,49.755,10009.0,70.0,49.741155
SPXU,2025-12-11 12:22:00-05:00,49.75,49.78,49.73,49.73,44111.0,150.0,49.769327
SPXU,2025-12-11 12:23:00-05:00,49.72,49.72,49.67,49.68,4707.0,51.0,49.702657
SPXU,2025-12-11 12:24:00-05:00,49.68,49.68,49.64,49.665,11557.0,66.0,49.66481
SPXU,2025-12-11 12:25:00-05:00,49.66,49.66,49.59,49.61,21312.0,92.0,49.615197
SPXU,2025-12-11 12:26:00-05:00,49.65,49.67,49.635,49.645,116594.0,318.0,49.642372
SPXU,2025-12-11 12:27:00-05:00,49.65,49.725,49.635,49.725,22846.0,114.0,49.673723
SPXU,2025-12-11 12:28:00-05:00,49.73,49.74,49.695,49.71,12059.0,75.0,49.720811
SPXU,2025-12-11 12:29:00-05:00,49.7,49.72,49.69,49.72,6501.0,51.0,49.70745
SPXU,2025-12-11 12:30:00-05:00,49.7,49.7,49.63,49.63,7235.0,37.0,49.666536
SPXU,2025-12-11 12:31:00-05:00,49.64,49.67,49.64,49.66,7475.0,54.0,49.655409
SPXU,2025-12-11 12:32:00-05:00,49.66,49.6699,49.62,49.63,9368.0,84.0,49.648444
SPXU,2025-12-11 12:33:00-05:00,49.67,49.685,49.64,49.65,17595.0,109.0,49.662973
SPXU,2025-12-11 12:34:00-05:00,49.6414,49.66,49.62,49.62,40014.0,179.0,49.643924
SPXU,2025-12-11 12:35:00-05:00,49.61,49.68,49.61,49.665,37055.0,181.0,49.66487
SPXU,2025-12-11 12:36:00-05:00,49.67,49.68,49.64,49.6535,8665.0,47.0,49.665362
SPXU,2025-12-11 12:37:00-05:00,49.64,49.65,49.6,49.605,5622.0,48.0,49.614135
SPXU,2025-12-11 12:38:00-05:00,49.61,49.64,49.61,49.64,17459.0,57.0,49.637179
SPXU,2025-12-11 12:39:00-05:00,49.655,49.655,49.62,49.62,104657.0,321.0,49.648686
SPXU,2025-12-11 12:40:00-05:00,49.63,49.63,49.58,49.6,7510.0,52.0,49.603619
SPXU,2025-12-11 12:41:00-05:00,49.61,49.64,49.56,49.585,4798.0,65.0,49.588639
SPXU,2025-12-11 12:42:00-05:00,49.57,49.59,49.56,49.59,2604.0,30.0,49.575905
SPXU,2025-12-11 12:43:00-05:00,49.5957,49.6499,49.5957,49.63,4330.0,36.0,49.622839
SPXU,2025-12-11 12:44:00-05:00,49.63,49.635,49.62,49.63,3885.0,25.0,49.628276
SPXU,2025-12-11 12:45:00-05:00,49.6127,49.6127,49.59,49.59,1616.0,9.0,49.604596
SPXU,2025-12-11 12:46:00-05:00,49.59,49.6018,49.59,49.59,620.0,10.0,49.59436
SPXU,2025-12-11 12:47:00-05:00,49.61,49.67,49.61,49.67,3300.0,33.0,49.630566
SPXU,2025-12-11 12:48:00-05:00,49.678,49.69,49.66,49.67,5405.0,38.0,49.678955
SPXU,2025-12-11 12:49:00-05:00,49.67,49.69,49.67,49.69,3546.0,26.0,49.679097
SPXU,2025-12-11 12:50:00-05:00,49.71,49.731,49.7,49.73,7217.0,54.0,49.715565
SPXU,2025-12-11 12:51:00-05:00,49.74,49.74,49.67,49.69,5375.0,23.0,49.705764
SPXU,2025-12-11 12:52:00-05:00,49.71,49.71,49.675,49.675,2450.0,12.0,49.687329
SPXU,2025-12-11 12:53:00-05:00,49.6844,49.72,49.67,49.72,1953.0,22.0,49.690192
SPXU,2025-12-11 12:54:00-05:00,49.6899,49.6899,49.68,49.68,408.0,4.0,49.687071
SPXU,2025-12-11 12:55:00-05:00,49.68,49.7,49.68,49.7,2410.0,13.0,49.689991
SPXU,2025-12-11 12:56:00-05:00,49.7,49.75,49.69,49.73,4120.0,34.0,49.722895
SPXU,2025-12-11 12:57:00-05:00,49.73,49.785,49.73,49.755,14061.0,41.0,49.74384
SPXU,2025-12-11 12:58:00-05:00,49.76,49.76,49.7325,49.74,5700.0,16.0,49.736933
SPXU,2025-12-11 12:59:00-05:00,49.75,49.77,49.72,49.72,5977.0,34.0,49.753003
SPXU,2025-12-11 13:00:00-05:00,49.73,49.75,49.68,49.68,3432.0,25.0,49.711294
SPXU,2025-12-11 13:01:00-05:00,49.69,49.69,49.58,49.66,126678.0,447.0,49.663164
SPXU,2025-12-11 13:02:00-05:00,49.68,49.68,49.65,49.65,6997.0,40.0,49.674873
SPXU,2025-12-11 13:03:00-05:00,49.64,49.64,49.6,49.6082,4013.0,35.0,49.609886
SPXU,2025-12-11 13:04:00-05:00,49.6,49.62,49.6,49.62,4634.0,23.0,49.611936
SPXU,2025-12-11 13:05:00-05:00,49.62,49.64,49.615,49.6173,8388.0,46.0,49.627545
SPXU,2025-12-11 13:06:00-05:00,49.6,49.615,49.6,49.6,4244.0,24.0,49.602101
SPXU,2025-12-11 13:07:00-05:00,49.6,49.63,49.59,49.59,5365.0,32.0,49.609203
SPXU,2025-12-11 13:08:00-05:00,49.6,49.6032,49.58,49.58,1707.0,17.0,49.594225
SPXU,2025-12-11 13:09:00-05:00,49.59,49.59,49.5799,49.58,3362.0,18.0,49.586216
SPXU,2025-12-11 13:10:00-05:00,49.58,49.58,49.55,49.58,6990.0,46.0,49.56425
SPXU,2025-12-11 13:11:00-05:00,49.6,49.61,49.59,49.59,3064.0,23.0,49.602753
SPXU,2025-12-11 13:12:00-05:00,49.56,49.56,49.5421,49.55,14476.0,46.0,49.556193
SPXU,2025-12-11 13:13:00-05:00,49.54,49.56,49.53,49.56,6611.0,38.0,49.536499
SPXU,2025-12-11 13:14:00-05:00,49.56,49.59,49.555,49.5635,130301.0,365.0,49.579989
SPXU,2025-12-11 13:15:00-05:00,49.56,49.575,49.56,49.575,5219.0,55.0,49.568629
SPXU,2025-12-11 13:16:00-05:00,49.57,49.605,49.57,49.6,5107.0,35.0,49.596651
SPXU,2025-12-11 13:17:00-05:00,49.6,49.6199,49.59,49.61,16888.0,60.0,49.610548
SPXU,2025-12-11 13:18:00-05:00,49.61,49.62,49.595,49.595,3317.0,33.0,49.616613
SPXU,2025-12-11 13:19:00-05:00,49.6,49.62,49.6,49.6055,3312.0,31.0,49.605966
SPXU,2025-12-11 13:20:00-05:00,49.61,49.61,49.57,49.575,9410.0,48.0,49.595313
SPXU,2025-12-11 13:21:00-05:00,49.57,49.57,49.54,49.55,10758.0,75.0,49.552958
SPXU,2025-12-11 13:22:00-05:00,49.54,49.56,49.54,49.555,4603.0,43.0,49.552664
SPXU,2025-12-11 13:23:00-05:00,49.57,49.64,49.57,49.62,9379.0,75.0,49.624734
SPXU,2025-12-11 13:24:00-05:00,49.62,49.62,49.57,49.58,21777.0,121.0,49.588444
SPXU,2025-12-11 13:25:00-05:00,49.58,49.6,49.56,49.6,12089.0,84.0,49.576202
SPXU,2025-12-11 13:26:00-05:00,49.61,49.68,49.5981,49.68,20813.0,143.0,49.629072
SPXU,2025-12-11 13:27:00-05:00,49.69,49.69,49.61,49.61,8132.0,51.0,49.659493
SPXU,2025-12-11 13:28:00-05:00,49.62,49.65,49.62,49.65,5177.0,34.0,49.641598
SPXU,2025-12-11 13:29:00-05:00,49.65,49.65,49.64,49.65,2004.0,22.0,49.645263
SPXU,2025-12-11 13:30:00-05:00,49.65,49.66,49.625,49.64,18133.0,55.0,49.641602
SPXU,2025-12-11 13:31:00-05:00,49.64,49.675,49.63,49.67,6082.0,44.0,49.656792
SPXU,2025-12-11 13:32:00-05:00,49.68,49.7,49.66,49.68,19177.0,114.0,49.679741
SPXU,2025-12-11 13:33:00-05:00,49.7,49.71,49.66,49.66,30080.0,105.0,49.675026
SPXU,2025-12-11 13:34:00-05:00,49.65,49.69,49.65,49.65,4601.0,44.0,49.67086
SPXU,2025-12-11 13:35:00-05:00,49.65,49.65,49.57,49.5701,2830.0,29.0,49.607831
SPXU,2025-12-11 13:36:00-05:00,49.58,49.58,49.53,49.53,5350.0,47.0,49.540627
SPXU,2025-12-11 13:37:00-05:00,49.52,49.55,49.5,49.54,22882.0,117.0,49.520446
SPXU,2025-12-11 13:38:00-05:00,49.54,49.545,49.52,49.52,6713.0,61.0,49.533994
SPXU,2025-12-11 13:39:00-05:00,49.54,49.54,49.51,49.51,5569.0,62.0,49.517823
SPXU,2025-12-11 13:40:00-05:00,49.5,49.5,49.47,49.5,83408.0,103.0,49.498
SPXU,2025-12-11 13:41:00-05:00,49.495,49.52,49.49,49.49,127740.0,347.0,49.512703
SPXU,2025-12-11 13:42:00-05:00,49.48,49.49,49.46,49.48,9292.0,74.0,49.476962
SPXU,2025-12-11 13:43:00-05:00,49.4704,49.48,49.43,49.46,123550.0,318.0,49.459493
SPXU,2025-12-11 13:44:00-05:00,49.46,49.46,49.455,49.46,11920.0,85.0,49.45889
SPXU,2025-12-11 13:45:00-05:00,49.45,49.48,49.4345,49.48,5682.0,51.0,49.464365
SPXU,2025-12-11 13:46:00-05:00,49.48,49.48,49.45,49.45,4130.0,39.0,49.459657
SPXU,2025-12-11 13:47:00-05:00,49.45,49.49,49.45,49.48,40190.0,153.0,49.486237
SPXU,2025-12-11 13:48:00-05:00,49.48,49.525,49.48,49.52,6264.0,67.0,49.505652
SPXU,2025-12-11 13:49:00-05:00,49.52,49.52,49.47,49.49,5419.0,44.0,49.486857
SPXU,2025-12-11 13:50:00-05:00,49.49,49.51,49.47,49.505,25709.0,89.0,49.501736
SPXU,2025-12-11 13:51:00-05:00,49.51,49.54,49.51,49.53,5348.0,62.0,49.521285
SPXU,2025-12-11 13:52:00-05:00,49.53,49.535,49.51,49.51,5100.0,48.0,49.523978
SPXU,2025-12-11 13:53:00-05:00,49.51,49.54,49.51,49.54,4153.0,52.0,49.524862
SPXU,2025-12-11 13:54:00-05:00,49.55,49.57,49.55,49.57,2901.0,38.0,49.556838
SPXU,2025-12-11 13:55:00-05:00,49.56,49.58,49.54,49.55,5700.0,49.0,49.56574
SPXU,2025-12-11 13:56:00-05:00,49.53,49.55,49.53,49.53,2322.0,25.0,49.536641
SPXU,2025-12-11 13:57:00-05:00,49.53,49.57,49.53,49.57,5971.0,44.0,49.561467
SPXU,2025-12-11 13:58:00-05:00,49.575,49.6,49.575,49.59,29485.0,141.0,49.589421
SPXU,2025-12-11 13:59:00-05:00,49.57,49.57,49.56,49.57,2030.0,21.0,49.562029
SPXU,2025-12-11 14:00:00-05:00,49.575,49.575,49.53,49.53,3056.0,37.0,49.558111
SPXU,2025-12-11 14:01:00-05:00,49.52,49.53,49.52,49.53,5470.0,60.0,49.527412
SPXU,2025-12-11 14:02:00-05:00,49.54,49.54,49.5,49.5,5752.0,59.0,49.51994
SPXU,2025-12-11 14:03:00-05:00,49.5,49.515,49.4976,49.4976,2683.0,27.0,49.502854
SPXU,2025-12-11 14:04:00-05:00,49.51,49.51,49.49,49.5,6059.0,37.0,49.496724
SPXU,2025-12-11 14:05:00-05:00,49.51,49.54,49.51,49.54,11146.0,64.0,49.529489
SPXU,2025-12-11 14:06:00-05:00,49.53,49.555,49.53,49.555,8976.0,55.0,49.539935
SPXU,2025-12-11 14:07:00-05:00,49.55,49.58,49.54,49.58,7176.0,36.0,49.561549
SPXU,2025-12-11 14:08:00-05:00,49.58,49.59,49.56,49.57,11374.0,59.0,49.574993
SPXU,2025-12-11 14:09:00-05:00,49.57,49.57,49.54,49.54,7054.0,51.0,49.549623
SPXU,2025-12-11 14:10:00-05:00,49.54,49.5655,49.53,49.56,6911.0,36.0,49.550032
SPXU,2025-12-11 14:11:00-05:00,49.56,49.56,49.54,49.54,6043.0,49.0,49.544444
SPXU,2025-12-11 14:12:00-05:00,49.54,49.55,49.53,49.55,2743.0,28.0,49.540388
SPXU,2025-12-11 14:13:00-05:00,49.55,49.56,49.5399,49.54,3750.0,31.0,49.549989
SPXU,2025-12-11 14:14:00-05:00,49.54,49.5445,49.515,49.52,3523.0,29.0,49.52738
SPXU,2025-12-11 14:15:00-05:00,49.505,49.505,49.49,49.49,5151.0,31.0,49.494197
SPXU,2025-12-11 14:16:00-05:00,49.49,49.49,49.47,49.48,3307.0,31.0,49.48071
SPXU,2025-12-11 14:17:00-05:00,49.48,49.4903,49.45,49.45,10878.0,46.0,49.474043
SPXU,2025-12-11 14:18:00-05:00,49.46,49.4686,49.41,49.4177,17737.0,96.0,49.437124
SPXU,2025-12-11 14:19:00-05:00,49.415,49.44,49.4,49.414,11822.0,66.0,49.415573
SPXU,2025-12-11 14:20:00-05:00,49.4179,49.43,49.4155,49.43,7723.0,26.0,49.427362
SPXU,2025-12-11 14:21:00-05:00,49.44,49.46,49.44,49.4548,10407.0,66.0,49.450748
SPXU,2025-12-11 14:22:00-05:00,49.46,49.46,49.41,49.425,3676.0,44.0,49.437214
SPXU,2025-12-11 14:23:00-05:00,49.425,49.43,49.425,49.43,2715.0,38.0,49.4296
SPXU,2025-12-11 14:24:00-05:00,49.44,49.44,49.395,49.405,7700.0,64.0,49.416034
SPXU,2025-12-11 14:25:00-05:00,49.41,49.44,49.41,49.44,6358.0,36.0,49.429814
SPXU,2025-12-11 14:26:00-05:00,49.43,49.43,49.39,49.39,4362.0,27.0,49.421163
SPXU,2025-12-11 14:27:00-05:00,49.41,49.42,49.41,49.42,3281.0,46.0,49.416349
SPXU,2025-12-11 14:28:00-05:00,49.425,49.425,49.4199,49.42,2126.0,19.0,49.420743
SPXU,2025-12-11 14:29:00-05:00,49.42,49.42,49.41,49.42,2250.0,19.0,49.418182
SPXU,2025-12-11 14:30:00-05:00,49.41,49.42,49.39,49.41,3727.0,31.0,49.402214
SPXU,2025-12-11 14:31:00-05:00,49.41,49.43,49.4099,49.43,5534.0,51.0,49.420748
SPXU,2025-12-11 14:32:00-05:00,49.43,49.43,49.41,49.41,671.0,12.0,49.423333
SPXU,2025-12-11 14:33:00-05:00,49.4,49.425,49.4,49.4151,4960.0,59.0,49.41024
SPXU,2025-12-11 14:34:00-05:00,49.41,49.41,49.4,49.41,3178.0,37.0,49.402814
SPXU,2025-12-11 14:35:00-05:00,49.41,49.41,49.39,49.39,7132.0,33.0,49.394746
SPXU,2025-12-11 14:36:00-05:00,49.39,49.39,49.35,49.38,12639.0,83.0,49.372968
SPXU,2025-12-11 14:37:00-05:00,49.37,49.39,49.36,49.36,114239.0,352.0,49.381287
SPXU,2025-12-11 14:38:00-05:00,49.37,49.3701,49.35,49.36,5268.0,31.0,49.365512
SPXU,2025-12-11 14:39:00-05:00,49.37,49.4,49.37,49.4,2185.0,14.0,49.385667
SPXU,2025-12-11 14:40:00-05:00,49.4,49.4,49.38,49.38,6879.0,38.0,49.394909
SPXU,2025-12-11 14:41:00-05:00,49.38,49.39,49.38,49.39,1468.0,18.0,49.389286
SPXU,2025-12-11 14:42:00-05:00,49.39,49.39,49.37,49.37,1237.0,16.0,49.381818
SPXU,2025-12-11 14:43:00-05:00,49.37,49.37,49.3355,49.35,4255.0,47.0,49.348703
SPXU,2025-12-11 14:44:00-05:00,49.3565,49.3565,49.3456,49.35,2644.0,22.0,49.350902
SPXU,2025-12-11 14:45:00-05:00,49.35,49.36,49.32,49.36,7112.0,63.0,49.344608
SPXU,2025-12-11 14:46:00-05:00,49.36,49.37,49.35,49.35,3324.0,30.0,49.359969
SPXU,2025-12-11 14:47:00-05:00,49.35,49.36,49.34,49.34,101335.0,88.0,49.359402
SPXU,2025-12-11 14:48:00-05:00,49.34,49.34,49.33,49.34,6155.0,33.0,49.336864
SPXU,2025-12-11 14:49:00-05:00,49.35,49.36,49.3399,49.3399,4818.0,40.0,49.354776
SPXU,2025-12-11 14:50:00-05:00,49.33,49.33,49.29,49.315,51073.0,149.0,49.310847
SPXU,2025-12-11 14:51:00-05:00,49.32,49.33,49.31,49.33,78722.0,253.0,49.31397
SPXU,2025-12-11 14:52:00-05:00,49.32,49.36,49.3101,49.36,12025.0,56.0,49.324071
SPXU,2025-12-11 14:53:00-05:00,49.365,49.365,49.3596,49.36,2600.0,34.0,49.361325
SPXU,2025-12-11 14:54:00-05:00,49.36,49.37,49.36,49.37,5024.0,43.0,49.36482
SPXU,2025-12-11 14:55:00-05:00,49.375,49.38,49.3699,49.38,9525.0,24.0,49.375476
SPXU,2025-12-11 14:56:00-05:00,49.38,49.38,49.34,49.34,7163.0,60.0,49.357401
SPXU,2025-12-11 14:57:00-05:00,49.34,49.35,49.33,49.33,6384.0,30.0,49.335853
SPXU,2025-12-11 14:58:00-05:00,49.34,49.345,49.33,49.3377,5733.0,30.0,49.339692
SPXU,2025-12-11 14:59:00-05:00,49.335,49.38,49.33,49.38,5061.0,52.0,49.357848
SPXU,2025-12-11 15:00:00-05:00,49.38,49.385,49.3301,49.34,12702.0,59.0,49.357702
SPXU,2025-12-11 15:01:00-05:00,49.34,49.34,49.32,49.32,2936.0,28.0,49.331481
SPXU,2025-12-11 15:02:00-05:00,49.34,49.345,49.32,49.325,9369.0,33.0,49.326333
SPXU,2025-12-11 15:03:00-05:00,49.33,49.345,49.33,49.3368,3873.0,24.0,49.336864
SPXU,2025-12-11 15:04:00-05:00,49.33,49.33,49.33,49.33,1327.0,19.0,49.33
SPXU,2025-12-11 15:05:00-05:00,49.34,49.36,49.34,49.36,2645.0,27.0,49.3516
SPXU,2025-12-11 15:06:00-05:00,49.36,49.385,49.36,49.38,3785.0,37.0,49.375507
SPXU,2025-12-11 15:07:00-05:00,49.37,49.405,49.3599,49.37,18562.0,93.0,49.374866
SPXU,2025-12-11 15:08:00-05:00,49.37,49.39,49.37,49.3745,24832.0,95.0,49.381951
SPXU,2025-12-11 15:09:00-05:00,49.37,49.38,49.37,49.38,4038.0,23.0,49.375701
SPXU,2025-12-11 15:10:00-05:00,49.38,49.4,49.3799,49.38,7430.0,31.0,49.382759
SPXU,2025-12-11 15:11:00-05:00,49.38,49.39,49.38,49.39,5057.0,33.0,49.383787
SPXU,2025-12-11 15:12:00-05:00,49.38,49.38,49.363,49.37,2809.0,26.0,49.371912
SPXU,2025-12-11 15:13:00-05:00,49.37,49.38,49.37,49.375,2103.0,14.0,49.374273
SPXU,2025-12-11 15:14:00-05:00,49.39,49.41,49.39,49.41,6467.0,40.0,49.401217
SPXU,2025-12-11 15:15:00-05:00,49.41,49.41,49.3799,49.39,12440.0,71.0,49.394344
SPXU,2025-12-11 15:16:00-05:00,49.405,49.41,49.38,49.38,5718.0,33.0,49.396661
SPXU,2025-12-11 15:17:00-05:00,49.39,49.4,49.38,49.4,5739.0,30.0,49.38531
SPXU,2025-12-11 15:18:00-05:00,49.4,49.41,49.3951,49.41,3037.0,42.0,49.400552
SPXU,2025-12-11 15:19:00-05:00,49.41,49.42,49.41,49.42,2354.0,34.0,49.413239
SPXU,2025-12-11 15:20:00-05:00,49.42,49.42,49.4001,49.415,3508.0,24.0,49.404257
SPXU,2025-12-11 15:21:00-05:00,49.42,49.425,49.4,49.4,2875.0,24.0,49.411494
SPXU,2025-12-11 15:22:00-05:00,49.3901,49.3901,49.37,49.38,2892.0,19.0,49.378644
SPXU,2025-12-11 15:23:00-05:00,49.38,49.395,49.37,49.395,2739.0,28.0,49.378542
SPXU,2025-12-11 15:24:00-05:00,49.4,49.4,49.39,49.39,6694.0,47.0,49.39351
SPXU,2025-12-11 15:25:00-05:00,49.39,49.42,49.39,49.42,3696.0,40.0,49.407451
SPXU,2025-12-11 15:26:00-05:00,49.42,49.45,49.42,49.45,3417.0,32.0,49.443881
SPXU,2025-12-11 15:27:00-05:00,49.45,49.4682,49.45,49.46,106674.0,174.0,49.459379
SPXU,2025-12-11 15:28:00-05:00,49.46,49.4667,49.43,49.43,122933.0,302.0,49.438785
SPXU,2025-12-11 15:29:00-05:00,49.4355,49.46,49.435,49.46,5787.0,33.0,49.445565
SPXU,2025-12-11 15:30:00-05:00,49.47,49.47,49.45,49.465,6185.0,37.0,49.461072
SPXU,2025-12-11 15:31:00-05:00,49.47,49.515,49.47,49.51,5387.0,49.0,49.489031
SPXU,2025-12-11 15:32:00-05:00,49.51,49.515,49.4999,49.5,150697.0,273.0,49.500995
SPXU,2025-12-11 15:33:00-05:00,49.49,49.49,49.465,49.48,210770.0,423.0,49.472284
SPXU,2025-12-11 15:34:00-05:00,49.47,49.49,49.47,49.49,4506.0,38.0,49.476565
SPXU,2025-12-11 15:35:00-05:00,49.5,49.51,49.49,49.51,5789.0,35.0,49.504804
SPXU,2025-12-11 15:36:00-05:00,49.51,49.5301,49.51,49.53,111772.0,181.0,49.515165
SPXU,2025-12-11 15:37:00-05:00,49.54,49.55,49.5,49.53,113556.0,146.0,49.503632
SPXU,2025-12-11 15:38:00-05:00,49.53,49.53,49.49,49.5,116022.0,257.0,49.493646
SPXU,2025-12-11 15:39:00-05:00,49.51,49.52,49.5,49.51,13057.0,63.0,49.510076
SPXU,2025-12-11 15:40:00-05:00,49.51,49.5138,49.445,49.47,24396.0,96.0,49.479012
SPXU,2025-12-11 15:41:00-05:00,49.47,49.4744,49.44,49.45,8465.0,48.0,49.454229
SPXU,2025-12-11 15:42:00-05:00,49.45,49.47,49.45,49.47,3766.0,34.0,49.461379
SPXU,2025-12-11 15:43:00-05:00,49.48,49.49,49.48,49.49,2701.0,33.0,49.487803
SPXU,2025-12-11 15:44:00-05:00,49.49,49.49,49.45,49.46,5999.0,34.0,49.478192
SPXU,2025-12-11 15:45:00-05:00,49.47,49.48,49.4501,49.48,10735.0,32.0,49.458843
SPXU,2025-12-11 15:46:00-05:00,49.49,49.51,49.48,49.51,3876.0,34.0,49.490914
SPXU,2025-12-11 15:47:00-05:00,49.52,49.53,49.51,49.51,8193.0,55.0,49.520119
SPXU,2025-12-11 15:48:00-05:00,49.485,49.485,49.485,49.485,356.0,15.0,49.485
SPXU,2025-12-11 15:49:00-05:00,49.485,49.5,49.485,49.485,6790.0,53.0,49.494653
SPXU,2025-12-11 15:50:00-05:00,49.48,49.48,49.345,49.345,15512.0,118.0,49.427247
SPXU,2025-12-11 15:51:00-05:00,49.34,49.38,49.34,49.34,13062.0,100.0,49.353559
SPXU,2025-12-11 15:52:00-05:00,49.33,49.3547,49.31,49.35,28951.0,143.0,49.327716
SPXU,2025-12-11 15:53:00-05:00,49.35,49.38,49.35,49.375,46303.0,195.0,49.367882
SPXU,2025-12-11 15:54:00-05:00,49.37,49.42,49.3655,49.41,67779.0,285.0,49.38574
SPXU,2025-12-11 15:55:00-05:00,49.41,49.45,49.4,49.45,30496.0,175.0,49.413982
SPXU,2025-12-11 15:56:00-05:00,49.46,49.49,49.45,49.485,34875.0,146.0,49.46245
SPXU,2025-12-11 15:57:00-05:00,49.475,49.485,49.41,49.42,27390.0,126.0,49.446002
SPXU,2025-12-11 15:58:00-05:00,49.42,49.43,49.35,49.355,23933.0,112.0,49.393495
SPXU,2025-12-11 15:59:00-05:00,49.35,49.39,49.3,49.31,99893.0,293.0,49.350544
UPRO,2025-12-10 09:30:00-05:00,116.37,116.45,116.26,116.35,26438.0,259.0,116.338206
UPRO,2025-12-10 09:31:00-05:00,116.34,116.36,116.18,116.2138,11050.0,121.0,116.25627
UPRO,2025-12-10 09:32:00-05:00,116.21,116.275,116.09,116.09,3873.0,95.0,116.19092
UPRO,2025-12-10 09:33:00-05:00,116.181,116.23,116.15,116.21,5601.0,108.0,116.195029
UPRO,2025-12-10 09:34:00-05:00,116.2,116.2055,116.11,116.11,2960.0,42.0,116.183488
UPRO,2025-12-10 09:35:00-05:00,116.11,116.11,115.8687,115.871,16701.0,290.0,115.956061
UPRO,2025-12-10 09:36:00-05:00,115.86,115.8797,115.7,115.87,24634.0,362.0,115.780617
UPRO,2025-12-10 09:37:00-05:00,115.8,116.2,115.8,116.2,30434.0,468.0,115.996696
UPRO,2025-12-10 09:38:00-05:00,116.23,116.3549,116.23,116.25,19691.0,247.0,116.312187
UPRO,2025-12-10 09:39:00-05:00,116.27,116.32,116.19,116.2101,11618.0,186.0,116.253078
UPRO,2025-12-10 09:40:00-05:00,116.16,116.3,116.0901,116.3,23304.0,282.0,116.171638
UPRO,2025-12-10 09:41:00-05:00,116.28,116.3399,116.27,116.29,8223.0,124.0,116.297481
UPRO,2025-12-10 09:42:00-05:00,116.33,116.41,116.3152,116.33,7367.0,108.0,116.374521
UPRO,2025-12-10 09:43:00-05:00,116.4575,116.6,116.41,116.5083,14220.0,169.0,116.51648
UPRO,2025-12-10 09:44:00-05:00,116.46,116.509,116.39,116.39,6579.0,73.0,116.421956
UPRO,2025-12-10 09:45:00-05:00,116.44,116.5579,116.42,116.5579,6349.0,99.0,116.490034
UPRO,2025-12-10 09:46:00-05:00,116.58,116.6,116.5,116.5666,6272.0,172.0,116.542133
UPRO,2025-12-10 09:47:00-05:00,116.531,116.71,116.531,116.689,14290.0,195.0,116.658091
UPRO,2025-12-10 09:48:00-05:00,116.7064,116.7064,116.61,116.6565,6987.0,107.0,116.640052
UPRO,2025-12-10 09:49:00-05:00,116.6,116.6,116.5,116.5,12095.0,145.0,116.552571
UPRO,2025-12-10 09:50:00-05:00,116.5,116.69,116.5,116.64,10365.0,183.0,116.615413
UPRO,2025-12-10 09:51:00-05:00,116.66,116.73,116.57,116.57,12694.0,195.0,116.671174
UPRO,2025-12-10 09:52:00-05:00,116.6199,116.63,116.45,116.45,6280.0,104.0,116.522229
UPRO,2025-12-10 09:53:00-05:00,116.43,116.52,116.325,116.49,12696.0,161.0,116.449247
UPRO,2025-12-10 09:54:00-05:00,116.44,116.52,116.42,116.49,7833.0,156.0,116.47681
UPRO,2025-12-10 09:55:00-05:00,116.5,116.53,116.27,116.2901,7702.0,123.0,116.420562
UPRO,2025-12-10 09:56:00-05:00,116.24,116.41,116.23,116.4099,9199.0,142.0,116.29985
UPRO,2025-12-10 09:57:00-05:00,116.4499,116.54,116.41,116.54,9577.0,173.0,116.457035
UPRO,2025-12-10 09:58:00-05:00,116.52,116.56,116.43,116.43,4075.0,113.0,116.495542
UPRO,2025-12-10 09:59:00-05:00,116.47,116.68,116.46,116.63,16349.0,160.0,116.591821
UPRO,2025-12-10 10:00:00-05:00,116.57,116.61,116.45,116.45,10221.0,206.0,116.553499
UPRO,2025-12-10 10:01:00-05:00,116.44,116.55,116.43,116.52,5563.0,132.0,116.50197
UPRO,2025-12-10 10:02:00-05:00,116.45,116.55,116.45,116.5,4165.0,114.0,116.507304
UPRO,2025-12-10 10:03:00-05:00,116.49,116.58,116.47,116.54,1830.0,216.0,116.521667
UPRO,2025-12-10 10:04:00-05:00,116.54,116.6,116.53,116.54,2802.0,66.0,116.562264
UPRO,2025-12-10 10:05:00-05:00,116.51,116.59,116.51,116.56,2958.0,66.0,116.567905
UPRO,2025-12-10 10:06:00-05:00,116.6,116.73,116.6,116.73,9915.0,170.0,116.703983
UPRO,2025-12-10 10:07:00-05:00,116.74,116.75,116.64,116.68,10125.0,154.0,116.697017
UPRO,2025-12-10 10:08:00-05:00,116.72,116.7201,116.66,116.66,2715.0,55.0,116.689807
UPRO,2025-12-10 10:09:00-05:00,116.6199,116.67,116.6199,116.635,3014.0,64.0,116.646615
UPRO,2025-12-10 10:10:00-05:00,116.55,116.62,116.55,116.62,2680.0,91.0,116.593654
UPRO,2025-12-10 10:11:00-05:00,116.62,116.68,116.61,116.6799,6470.0,71.0,116.641115
UPRO,2025-12-10 10:12:00-05:00,116.66,116.755,116.66,116.755,4948.0,121.0,116.701723
UPRO,2025-12-10 10:13:00-05:00,116.76,116.76,116.62,116.62,9550.0,99.0,116.685664
UPRO,2025-12-10 10:14:00-05:00,116.59,116.605,116.57,116.57,6761.0,140.0,116.588363
UPRO,2025-12-10 10:15:00-05:00,116.57,116.57,116.5,116.57,4245.0,120.0,116.555833
UPRO,2025-12-10 10:16:00-05:00,116.58,116.64,116.58,116.64,1897.0,57.0,116.62125
UPRO,2025-12-10 10:17:00-05:00,116.56,116.71,116.55,116.7,24723.0,107.0,116.647483
UPRO,2025-12-10 10:18:00-05:00,116.68,116.71,116.63,116.6711,3825.0,86.0,116.674643
UPRO,2025-12-10 10:19:00-05:00,116.74,116.78,116.72,116.72,3743.0,74.0,116.746913
UPRO,2025-12-10 10:20:00-05:00,116.7,116.7,116.58,116.58,3669.0,68.0,116.684855
UPRO,2025-12-10 10:21:00-05:00,116.6,116.69,116.59,116.69,4061.0,55.0,116.628723
UPRO,2025-12-10 10:22:00-05:00,116.66,116.76,116.66,116.76,4797.0,75.0,116.72188
UPRO,2025-12-10 10:23:00-05:00,116.65,116.725,116.65,116.7,7451.0,100.0,116.694426
UPRO,2025-12-10 10:24:00-05:00,116.73,116.73,116.675,116.675,4294.0,74.0,116.712878
UPRO,2025-12-10 10:25:00-05:00,116.68,116.68,116.57,116.64,2912.0,83.0,116.607825
UPRO,2025-12-10 10:26:00-05:00,116.6,116.6,116.56,116.56,2872.0,64.0,116.584322
UPRO,2025-12-10 10:27:00-05:00,116.59,116.59,116.52,116.52,3154.0,76.0,116.548674
UPRO,2025-12-10 10:28:00-05:00,116.51,116.56,116.48,116.54,5937.0,77.0,116.497391
UPRO,2025-12-10 10:29:00-05:00,116.58,116.6,116.58,116.59,1471.0,54.0,116.588333
UPRO,2025-12-10 10:30:00-05:00,116.56,116.58,116.52,116.52,3753.0,105.0,116.5625
UPRO,2025-12-10 10:31:00-05:00,116.49,116.49,116.46,116.47,7193.0,95.0,116.475755
UPRO,2025-12-10 10:32:00-05:00,116.45,116.45,116.38,116.38,5750.0,89.0,116.407884
UPRO,2025-12-10 10:33:00-05:00,116.42,116.44,116.36,116.42,4131.0,89.0,116.4216
UPRO,2025-12-10 10:34:00-05:00,116.34,116.34,116.25,116.29,4522.0,81.0,116.273578
UPRO,2025-12-10 10:35:00-05:00,116.28,116.28,116.155,116.21,17174.0,203.0,116.199075
UPRO,2025-12-10 10:36:00-05:00,116.2,116.2,116.1,116.12,5420.0,145.0,116.132683
UPRO,2025-12-10 10:37:00-05:00,116.04,116.04,115.97,116.0156,10379.0,188.0,116.005035
UPRO,2025-12-10 10:38:00-05:00,115.99,116.03,115.93,115.97,8728.0,153.0,115.959679
UPRO,2025-12-10 10:39:00-05:00,115.97,116.11,115.94,116.03,9908.0,137.0,116.044703
UPRO,2025-12-10 10:40:00-05:00,116.07,116.07,115.9,116.0,11660.0,238.0,115.970243
UPRO,2025-12-10 10:41:00-05:00,116.03,116.14,116.03,116.12,5657.0,128.0,116.08148
UPRO,2025-12-10 10:42:00-05:00,116.16,116.2799,116.13,116.2797,7422.0,135.0,116.229899
UPRO,2025-12-10 10:43:00-05:00,116.23,116.31,116.23,116.31,1795.0,56.0,116.275263
UPRO,2025-12-10 10:44:00-05:00,116.32,116.38,116.25,116.25,2600.0,80.0,116.324555
UPRO,2025-12-10 10:45:00-05:00,116.2,116.28,116.17,116.26,6538.0,120.0,116.245264
UPRO,2025-12-10 10:46:00-05:00,116.25,116.311,116.25,116.27,8308.0,100.0,116.29558
UPRO,2025-12-10 10:47:00-05:00,116.26,116.41,116.26,116.4,5635.0,96.0,116.330882
UPRO,2025-12-10 10:48:00-05:00,116.3999,116.55,116.3999,116.55,3907.0,79.0,116.479458
UPRO,2025-12-10 10:49:00-05:00,116.55,116.64,116.55,116.63,6038.0,108.0,116.572249
UPRO,2025-12-10 10:50:00-05:00,116.65,116.65,116.5699,116.63,8152.0,100.0,116.614943
UPRO,2025-12-10 10:51:00-05:00,116.665,116.675,116.53,116.53,3835.0,83.0,116.631461
UPRO,2025-12-10 10:52:00-05:00,116.49,116.49,116.3601,116.3601,3296.0,76.0,116.459283
UPRO,2025-12-10 10:53:00-05:00,116.34,116.3407,116.3,116.3,7211.0,127.0,116.32037
UPRO,2025-12-10 10:54:00-05:00,116.3,116.32,116.22,116.2799,19913.0,219.0,116.269606
UPRO,2025-12-10 10:55:00-05:00,116.2,116.2,116.07,116.08,11640.0,171.0,116.1384
UPRO,2025-12-10 10:56:00-05:00,116.11,116.22,116.11,116.17,4567.0,133.0,116.156512
UPRO,2025-12-10 10:57:00-05:00,116.1401,116.27,116.1401,116.25,4510.0,85.0,116.25367
UPRO,2025-12-10 10:58:00-05:00,116.3,116.3,116.1,116.16,10660.0,160.0,116.163127
UPRO,2025-12-10 10:59:00-05:00,116.16,116.17,116.12,116.17,2039.0,48.0,116.132204
UPRO,2025-12-10 11:00:00-05:00,116.2,116.2,115.94,116.04,13929.0,224.0,116.022357
UPRO,2025-12-10 11:01:00-05:00,116.02,116.05,115.96,116.0,7241.0,86.0,116.007271
UPRO,2025-12-10 11:02:00-05:00,115.94,115.95,115.849,115.849,4553.0,102.0,115.904346
UPRO,2025-12-10 11:03:00-05:00,115.88,115.88,115.77,115.825,5952.0,117.0,115.833265
UPRO,2025-12-10 11:04:00-05:00,115.91,115.995,115.881,115.99,4147.0,77.0,115.961164
UPRO,2025-12-10 11:05:00-05:00,116.0501,116.13,116.0,116.13,6769.0,111.0,116.065343
UPRO,2025-12-10 11:06:00-05:00,116.08,116.11,116.02,116.109,3732.0,63.0,116.075096
UPRO,2025-12-10 11:07:00-05:00,116.13,116.31,116.13,116.31,10583.0,132.0,116.211126
UPRO,2025-12-10 11:08:00-05:00,116.31,116.31,116.2384,116.27,5885.0,86.0,116.254766
UPRO,2025-12-10 11:09:00-05:00,116.31,116.35,116.3001,116.3203,3686.0,60.0,116.309556
UPRO,2025-12-10 11:10:00-05:00,116.307,116.32,116.21,116.32,4213.0,78.0,116.231998
UPRO,2025-12-10 11:11:00-05:00,116.34,116.48,116.34,116.47,13025.0,89.0,116.426659
UPRO,2025-12-10 11:12:00-05:00,116.5,116.59,116.47,116.53,5282.0,83.0,116.533355
UPRO,2025-12-10 11:13:00-05:00,116.5399,116.6,116.531,116.54,3715.0,62.0,116.553209
UPRO,2025-12-10 11:14:00-05:00,116.56,116.62,116.5501,116.62,8622.0,61.0,116.6056
UPRO,2025-12-10 11:15:00-05:00,116.65,116.66,116.59,116.64,6273.0,98.0,116.631104
UPRO,2025-12-10 11:16:00-05:00,116.62,116.6401,116.62,116.64,1823.0,68.0,116.63601
UPRO,2025-12-10 11:17:00-05:00,116.65,116.7042,116.59,116.7042,6386.0,140.0,116.638334
UPRO,2025-12-10 11:18:00-05:00,116.64,116.81,116.64,116.7991,4641.0,89.0,116.776531
UPRO,2025-12-10 11:19:00-05:00,116.79,116.8813,116.79,116.87,7518.0,130.0,116.854761
UPRO,2025-12-10 11:20:00-05:00,116.9,116.94,116.78,116.82,8651.0,151.0,116.868278
UPRO,2025-12-10 11:21:00-05:00,116.85,116.85,116.73,116.75,10699.0,134.0,116.75658
UPRO,2025-12-10 11:22:00-05:00,116.79,116.93,116.79,116.93,16761.0,148.0,116.888931
UPRO,2025-12-10 11:23:00-05:00,116.9,116.94,116.89,116.9,7407.0,93.0,116.92075
UPRO,2025-12-10 11:24:00-05:00,116.9099,116.9545,116.88,116.88,5610.0,45.0,116.91472
UPRO,2025-12-10 11:25:00-05:00,116.87,116.87,116.76,116.78,5775.0,90.0,116.807491
UPRO,2025-12-10 11:26:00-05:00,116.85,116.9498,116.85,116.9498,2391.0,63.0,116.891493
UPRO,2025-12-10 11:27:00-05:00,116.968,117.01,116.96,116.96,6412.0,118.0,116.986011
UPRO,2025-12-10 11:28:00-05:00,116.94,116.94,116.88,116.91,2788.0,63.0,116.909648
UPRO,2025-12-10 11:29:00-05:00,116.91,116.965,116.91,116.95,2719.0,65.0,116.935949
UPRO,2025-12-10 11:30:00-05:00,116.98,116.98,116.87,116.88,3298.0,82.0,116.896837
UPRO,2025-12-10 11:31:00-05:00,116.89,116.92,116.86,116.89,2655.0,60.0,116.894815
UPRO,2025-12-10 11:32:00-05:00,116.88,116.97,116.86,116.9601,4045.0,72.0,116.926457
UPRO,2025-12-10 11:33:00-05:00,116.95,116.95,116.8972,116.9499,5121.0,43.0,116.916041
UPRO,2025-12-10 11:34:00-05:00,116.934,116.9345,116.91,116.93,3064.0,57.0,116.92574
UPRO,2025-12-10 11:35:00-05:00,116.98,117.0,116.95,117.0,4890.0,77.0,116.980307
UPRO,2025-12-10 11:36:00-05:00,116.99,116.99,116.91,116.91,2028.0,59.0,116.93
UPRO,2025-12-10 11:37:00-05:00,116.895,116.895,116.83,116.89,3917.0,66.0,116.868574
UPRO,2025-12-10 11:38:00-05:00,116.88,116.93,116.87,116.88,2707.0,56.0,116.888858
UPRO,2025-12-10 11:39:00-05:00,116.88,116.9507,116.88,116.92,2267.0,44.0,116.937434
UPRO,2025-12-10 11:40:00-05:00,116.91,116.91,116.76,116.8145,4047.0,89.0,116.832201
UPRO,2025-12-10 11:41:00-05:00,116.79,116.8,116.76,116.769,2120.0,50.0,116.774277
UPRO,2025-12-10 11:42:00-05:00,116.79,116.82,116.7001,116.7001,2502.0,69.0,116.759175
UPRO,2025-12-10 11:43:00-05:00,116.74,116.745,116.71,116.74,2890.0,66.0,116.73573
UPRO,2025-12-10 11:44:00-05:00,116.74,116.74,116.65,116.6883,2797.0,64.0,116.70919
UPRO,2025-12-10 11:45:00-05:00,116.7,116.7,116.6,116.6,3889.0,77.0,116.634187
UPRO,2025-12-10 11:46:00-05:00,116.61,116.65,116.61,116.65,2079.0,61.0,116.61699
UPRO,2025-12-10 11:47:00-05:00,116.69,116.69,116.66,116.66,1422.0,43.0,116.683808
UPRO,2025-12-10 11:48:00-05:00,116.63,116.78,116.63,116.7601,2251.0,55.0,116.707908
UPRO,2025-12-10 11:49:00-05:00,116.76,116.8201,116.75,116.81,6768.0,44.0,116.793669
UPRO,2025-12-10 11:50:00-05:00,116.81,116.84,116.73,116.8299,9118.0,138.0,116.793293
UPRO,2025-12-10 11:51:00-05:00,116.86,116.86,116.8401,116.85,1686.0,40.0,116.856571
UPRO,2025-12-10 11:52:00-05:00,116.81,116.92,116.81,116.89,1979.0,35.0,116.870311
UPRO,2025-12-10 11:53:00-05:00,116.865,116.91,116.865,116.91,1246.0,28.0,116.904375
UPRO,2025-12-10 11:54:00-05:00,116.885,116.9,116.8499,116.88,2419.0,31.0,116.86699
UPRO,2025-12-10 11:55:00-05:00,116.88,116.88,116.82,116.82,2006.0,57.0,116.834444
UPRO,2025-12-10 11:56:00-05:00,116.82,116.86,116.8199,116.86,1434.0,34.0,116.8312
UPRO,2025-12-10 11:57:00-05:00,116.85,116.87,116.85,116.87,723.0,27.0,116.856667
UPRO,2025-12-10 11:58:00-05:00,116.86,116.88,116.86,116.88,2463.0,54.0,116.874419
UPRO,2025-12-10 11:59:00-05:00,116.9,116.91,116.86,116.87,2271.0,64.0,116.882772
UPRO,2025-12-10 12:00:00-05:00,116.86,116.86,116.83,116.83,820.0,25.0,116.841236
UPRO,2025-12-10 12:01:00-05:00,116.84,116.89,116.84,116.89,1989.0,22.0,116.857647
UPRO,2025-12-10 12:02:00-05:00,116.89,116.89,116.8301,116.8301,1104.0,32.0,116.860017
UPRO,2025-12-10 12:03:00-05:00,116.83,116.89,116.83,116.89,902.0,33.0,116.853333
UPRO,2025-12-10 12:04:00-05:00,116.81,116.82,116.81,116.82,1228.0,32.0,116.818333
UPRO,2025-12-10 12:05:00-05:00,116.78,116.8,116.76,116.8,1676.0,29.0,116.774368
UPRO,2025-12-10 12:06:00-05:00,116.8,116.8,116.7401,116.78,1214.0,41.0,116.77002
UPRO,2025-12-10 12:07:00-05:00,116.81,116.81,116.77,116.77,1536.0,21.0,116.800579
UPRO,2025-12-10 12:08:00-05:00,116.7642,116.7845,116.76,116.76,2445.0,42.0,116.763803
UPRO,2025-12-10 12:09:00-05:00,116.7201,116.74,116.7,116.7,1302.0,32.0,116.718479
UPRO,2025-12-10 12:10:00-05:00,116.73,116.73,116.66,116.66,2418.0,34.0,116.688398
UPRO,2025-12-10 12:11:00-05:00,116.62,116.63,116.618,116.618,4772.0,31.0,116.619788
UPRO,2025-12-10 12:12:00-05:00,116.61,116.72,116.61,116.72,2945.0,39.0,116.706079
UPRO,2025-12-10 12:13:00-05:00,116.73,116.7792,116.7103,116.7103,8449.0,66.0,116.745492
UPRO,2025-12-10 12:14:00-05:00,116.69,116.72,116.69,116.69,2417.0,38.0,116.699623
UPRO,2025-12-10 12:15:00-05:00,116.66,116.72,116.6403,116.71,3322.0,38.0,116.661075
UPRO,2025-12-10 12:16:00-05:00,116.66,116.66,116.65,116.6553,4412.0,56.0,116.652547
UPRO,2025-12-10 12:17:00-05:00,116.7703,116.7744,116.7703,116.7744,443.0,15.0,116.77235
UPRO,2025-12-10 12:18:00-05:00,116.76,116.76,116.695,116.695,2706.0,47.0,116.733809
UPRO,2025-12-10 12:19:00-05:00,116.66,116.66,116.64,116.64,1313.0,41.0,116.652308
UPRO,2025-12-10 12:20:00-05:00,116.62,116.62,116.55,116.58,2574.0,61.0,116.589375
UPRO,2025-12-10 12:21:00-05:00,116.62,116.62,116.5938,116.605,1360.0,27.0,116.600556
UPRO,2025-12-10 12:22:00-05:00,116.62,116.65,116.62,116.65,1570.0,32.0,116.634444
UPRO,2025-12-10 12:23:00-05:00,116.62,116.62,116.595,116.62,1001.0,33.0,116.61
UPRO,2025-12-10 12:24:00-05:00,116.63,116.73,116.63,116.7299,1399.0,32.0,116.709388
UPRO,2025-12-10 12:25:00-05:00,116.72,116.78,116.72,116.74,3037.0,66.0,116.742961
UPRO,2025-12-10 12:26:00-05:00,116.7,116.7,116.675,116.675,1301.0,26.0,116.692854
UPRO,2025-12-10 12:27:00-05:00,116.6499,116.6499,116.6499,116.6499,850.0,38.0,116.6499
UPRO,2025-12-10 12:28:00-05:00,116.74,116.78,116.69,116.7,2020.0,45.0,116.7212
UPRO,2025-12-10 12:29:00-05:00,116.72,116.72,116.65,116.65,5916.0,72.0,116.702972
UPRO,2025-12-10 12:30:00-05:00,116.61,116.64,116.58,116.64,2755.0,80.0,116.614179
UPRO,2025-12-10 12:31:00-05:00,116.64,116.65,116.62,116.6202,2957.0,52.0,116.634221
UPRO,2025-12-10 12:32:00-05:00,116.65,116.65,116.64,116.64,952.0,30.0,116.645238
UPRO,2025-12-10 12:33:00-05:00,116.63,116.6799,116.63,116.6799,1988.0,45.0,116.65344
UPRO,2025-12-10 12:34:00-05:00,116.64,116.7,116.64,116.7,2069.0,49.0,116.69
UPRO,2025-12-10 12:35:00-05:00,116.69,116.7,116.68,116.68,710.0,22.0,116.69
UPRO,2025-12-10 12:36:00-05:00,116.66,116.7,116.66,116.67,2009.0,24.0,116.687826
UPRO,2025-12-10 12:37:00-05:00,116.7,116.83,116.7,116.83,2444.0,44.0,116.776161
UPRO,2025-12-10 12:38:00-05:00,116.81,116.81,116.7399,116.7399,1675.0,61.0,116.75407
UPRO,2025-12-10 12:39:00-05:00,116.71,116.71,116.6343,116.6343,2247.0,44.0,116.66716
UPRO,2025-12-10 12:40:00-05:00,116.615,116.65,116.6,116.65,1504.0,36.0,116.622555
UPRO,2025-12-10 12:41:00-05:00,116.7,116.7,116.66,116.66,2630.0,46.0,116.681559
UPRO,2025-12-10 12:42:00-05:00,116.6601,116.6601,116.57,116.57,1091.0,25.0,116.633697
UPRO,2025-12-10 12:43:00-05:00,116.56,116.58,116.5344,116.58,2210.0,42.0,116.5462
UPRO,2025-12-10 12:44:00-05:00,116.58,116.6,116.57,116.57,837.0,22.0,116.582
UPRO,2025-12-10 12:45:00-05:00,116.58,116.64,116.58,116.61,2056.0,52.0,116.625
UPRO,2025-12-10 12:46:00-05:00,116.63,116.65,116.61,116.61,1564.0,30.0,116.632115
UPRO,2025-12-10 12:47:00-05:00,116.62,116.6499,116.62,116.6499,1043.0,33.0,116.638283
UPRO,2025-12-10 12:48:00-05:00,116.645,116.67,116.645,116.67,1146.0,37.0,116.654346
UPRO,2025-12-10 12:49:00-05:00,116.75,116.8,116.75,116.8,1486.0,43.0,116.778771
UPRO,2025-12-10 12:50:00-05:00,116.77,116.8655,116.77,116.851,2444.0,43.0,116.815643
UPRO,2025-12-10 12:51:00-05:00,116.92,116.96,116.92,116.96,1579.0,36.0,116.951431
UPRO,2025-12-10 12:52:00-05:00,116.9199,116.9275,116.86,116.9,2943.0,78.0,116.892119
UPRO,2025-12-10 12:53:00-05:00,116.95,116.9991,116.95,116.9699,4877.0,49.0,116.98633
UPRO,2025-12-10 12:54:00-05:00,116.9697,117.055,116.9697,117.03,8596.0,114.0,117.025701
UPRO,2025-12-10 12:55:00-05:00,117.0399,117.15,117.0399,117.15,8527.0,153.0,117.088692
UPRO,2025-12-10 12:56:00-05:00,117.15,117.15,116.99,116.99,3864.0,74.0,117.041639
UPRO,2025-12-10 12:57:00-05:00,117.03,117.03,116.96,116.96,1272.0,43.0,116.98
UPRO,2025-12-10 12:58:00-05:00,116.96,117.02,116.96,116.98,2090.0,54.0,116.997391
UPRO,2025-12-10 12:59:00-05:00,116.99,117.01,116.98,117.0,2107.0,41.0,116.996367
UPRO,2025-12-10 13:00:00-05:00,117.04,117.05,116.98,116.98,1736.0,50.0,117.01625
UPRO,2025-12-10 13:01:00-05:00,116.98,116.99,116.98,116.98,2285.0,33.0,116.980588
UPRO,2025-12-10 13:02:00-05:00,116.965,116.965,116.92,116.92,2258.0,42.0,116.956888
UPRO,2025-12-10 13:03:00-05:00,116.9,116.93,116.9,116.9149,9904.0,38.0,116.911843
UPRO,2025-12-10 13:04:00-05:00,116.95,116.95,116.945,116.945,1159.0,30.0,116.946571
UPRO,2025-12-10 13:05:00-05:00,116.95,116.99,116.94,116.99,2150.0,59.0,116.96978
UPRO,2025-12-10 13:06:00-05:00,116.97,117.08,116.97,117.06,4105.0,98.0,117.03607
UPRO,2025-12-10 13:07:00-05:00,117.06,117.1,117.02,117.03,2996.0,64.0,117.061536
UPRO,2025-12-10 13:08:00-05:00,117.0245,117.0245,117.0,117.02,3176.0,27.0,117.021286
UPRO,2025-12-10 13:09:00-05:00,117.01,117.04,117.01,117.04,1238.0,28.0,117.030566
UPRO,2025-12-10 13:10:00-05:00,117.04,117.04,117.01,117.01,1533.0,43.0,117.020282
UPRO,2025-12-10 13:12:00-05:00,117.02,117.03,117.01,117.01,1616.0,32.0,117.019259
UPRO,2025-12-10 13:13:00-05:00,117.02,117.02,116.98,116.98,985.0,31.0,116.996
UPRO,2025-12-10 13:14:00-05:00,117.02,117.02,117.0,117.0118,3238.0,54.0,117.003663
UPRO,2025-12-10 13:15:00-05:00,116.98,117.04,116.98,116.99,2053.0,42.0,116.996667
UPRO,2025-12-10 13:16:00-05:00,117.0,117.0,116.93,116.93,2480.0,55.0,116.960899
UPRO,2025-12-10 13:17:00-05:00,116.9338,116.96,116.92,116.96,2310.0,53.0,116.935514
UPRO,2025-12-10 13:18:00-05:00,116.93,116.93,116.9,116.9,1747.0,44.0,116.918919
UPRO,2025-12-10 13:19:00-05:00,116.88,116.93,116.88,116.92,3575.0,26.0,116.902851
UPRO,2025-12-10 13:20:00-05:00,116.88,116.88,116.8,116.8,1671.0,51.0,116.835
UPRO,2025-12-10 13:21:00-05:00,116.8,116.82,116.78,116.82,2357.0,57.0,116.796517
UPRO,2025-12-10 13:22:00-05:00,116.83,116.83,116.77,116.77,1880.0,48.0,116.804283
UPRO,2025-12-10 13:23:00-05:00,116.77,116.7942,116.75,116.75,3415.0,67.0,116.781429
UPRO,2025-12-10 13:24:00-05:00,116.75,116.75,116.67,116.67,4098.0,64.0,116.700733
UPRO,2025-12-10 13:25:00-05:00,116.65,116.66,116.59,116.59,5739.0,96.0,116.636669
UPRO,2025-12-10 13:26:00-05:00,116.65,116.65,116.47,116.5,4557.0,122.0,116.523146
UPRO,2025-12-10 13:27:00-05:00,116.46,116.57,116.46,116.53,2886.0,78.0,116.524672
UPRO,2025-12-10 13:28:00-05:00,116.47,116.47,116.43,116.43,8355.0,131.0,116.446435
UPRO,2025-12-10 13:29:00-05:00,116.46,116.55,116.46,116.51,4141.0,60.0,116.516662
UPRO,2025-12-10 13:30:00-05:00,116.47,116.53,116.4,116.53,6754.0,104.0,116.458388
UPRO,2025-12-10 13:31:00-05:00,116.57,116.61,116.57,116.61,4197.0,78.0,116.589201
UPRO,2025-12-10 13:32:00-05:00,116.62,116.64,116.5801,116.63,5277.0,68.0,116.613776
UPRO,2025-12-10 13:33:00-05:00,116.59,116.6,116.55,116.5699,2341.0,47.0,116.582922
UPRO,2025-12-10 13:34:00-05:00,116.5301,116.55,116.52,116.52,3013.0,56.0,116.53654
UPRO,2025-12-10 13:35:00-05:00,116.55,116.62,116.55,116.59,3219.0,58.0,116.592986
UPRO,2025-12-10 13:36:00-05:00,116.64,116.72,116.63,116.72,2995.0,67.0,116.675773
UPRO,2025-12-10 13:37:00-05:00,116.74,116.755,116.585,116.61,7545.0,123.0,116.655724
UPRO,2025-12-10 13:38:00-05:00,116.62,116.63,116.58,116.62,2563.0,62.0,116.609296
UPRO,2025-12-10 13:39:00-05:00,116.56,116.63,116.56,116.63,1874.0,36.0,116.599691
UPRO,2025-12-10 13:40:00-05:00,116.669,116.669,116.48,116.51,26307.0,303.0,116.570332
UPRO,2025-12-10 13:41:00-05:00,116.49,116.5088,116.42,116.42,4993.0,87.0,116.470099
UPRO,2025-12-10 13:42:00-05:00,116.49,116.5,116.42,116.498,4961.0,71.0,116.460448
UPRO,2025-12-10 13:43:00-05:00,116.488,116.54,116.47,116.54,5293.0,80.0,116.490493
UPRO,2025-12-10 13:44:00-05:00,116.52,116.54,116.42,116.42,3462.0,78.0,116.489044
UPRO,2025-12-10 13:45:00-05:00,116.4,116.505,116.37,116.4791,6234.0,80.0,116.410303
UPRO,2025-12-10 13:46:00-05:00,116.4785,116.51,116.4042,116.44,19042.0,243.0,116.432384
UPRO,2025-12-10 13:47:00-05:00,116.47,116.51,116.45,116.51,2356.0,61.0,116.463069
UPRO,2025-12-10 13:48:00-05:00,116.495,116.495,116.44,116.47,4554.0,62.0,116.463044
UPRO,2025-12-10 13:49:00-05:00,116.535,116.6,116.535,116.6,2787.0,31.0,116.561232
UPRO,2025-12-10 13:50:00-05:00,116.55,116.57,116.5101,116.57,3878.0,78.0,116.544442
UPRO,2025-12-10 13:51:00-05:00,116.5,116.54,116.5,116.5,3764.0,83.0,116.51366
UPRO,2025-12-10 13:52:00-05:00,116.53,116.57,116.53,116.54,1788.0,50.0,116.554286
UPRO,2025-12-10 13:53:00-05:00,116.52,116.52,116.4965,116.4965,1118.0,40.0,116.504333
UPRO,2025-12-10 13:54:00-05:00,116.45,116.47,116.43,116.47,2132.0,35.0,116.441228
UPRO,2025-12-10 13:55:00-05:00,116.42,116.42,116.3658,116.385,2818.0,76.0,116.395052
UPRO,2025-12-10 13:56:00-05:00,116.3451,116.36,116.32,116.32,6018.0,45.0,116.341921
UPRO,2025-12-10 13:57:00-05:00,116.31,116.39,116.3045,116.39,4643.0,50.0,116.328317
UPRO,2025-12-10 13:58:00-05:00,116.47,116.5285,116.47,116.48,12866.0,57.0,116.515834
UPRO,2025-12-10 13:59:00-05:00,116.48,116.51,116.4001,116.51,2998.0,47.0,116.47643
UPRO,2025-12-10 14:00:00-05:00,116.5,117.7155,116.39,117.3852,76764.0,1229.0,117.222601
UPRO,2025-12-10 14:01:00-05:00,117.35,117.44,117.135,117.135,30465.0,601.0,117.272951
UPRO,2025-12-10 14:02:00-05:00,117.112,117.25,116.88,116.88,8095.0,130.0,117.065681
UPRO,2025-12-10 14:03:00-05:00,116.82,117.0,116.7101,116.85,9313.0,74.0,116.86212
UPRO,2025-12-10 14:04:00-05:00,116.98,117.1775,116.95,117.0099,8364.0,94.0,117.065579
UPRO,2025-12-10 14:05:00-05:00,117.096,117.2763,116.96,117.1,5834.0,78.0,117.135083
UPRO,2025-12-10 14:06:00-05:00,117.18,117.62,117.1435,117.62,17317.0,148.0,117.323001
UPRO,2025-12-10 14:07:00-05:00,117.64,117.9272,117.62,117.67,36570.0,392.0,117.759857
UPRO,2025-12-10 14:08:00-05:00,117.6396,117.7797,117.62,117.64,19970.0,150.0,117.691135
UPRO,2025-12-10 14:09:00-05:00,117.71,117.7901,117.59,117.7901,9704.0,105.0,117.705338
UPRO,2025-12-10 14:10:00-05:00,117.75,117.93,117.6401,117.83,64201.0,392.0,117.795293
UPRO,2025-12-10 14:11:00-05:00,117.77,117.91,117.48,117.51,58695.0,452.0,117.761149
UPRO,2025-12-10 14:12:00-05:00,117.55,117.63,117.46,117.63,11803.0,146.0,117.543348
UPRO,2025-12-10 14:13:00-05:00,117.6,117.61,117.4,117.4399,7694.0,105.0,117.48653
UPRO,2025-12-10 14:14:00-05:00,117.45,117.58,117.38,117.38,6032.0,82.0,117.491018
UPRO,2025-12-10 14:15:00-05:00,117.47,117.7699,117.47,117.7699,10409.0,95.0,117.637304
UPRO,2025-12-10 14:16:00-05:00,117.78,117.87,117.7399,117.85,13118.0,124.0,117.807343
UPRO,2025-12-10 14:17:00-05:00,117.88,117.88,117.74,117.74,14790.0,139.0,117.821942
UPRO,2025-12-10 14:18:00-05:00,117.71,117.71,117.48,117.52,30839.0,378.0,117.628586
UPRO,2025-12-10 14:19:00-05:00,117.47,117.6199,117.41,117.6104,4755.0,88.0,117.539123
UPRO,2025-12-10 14:20:00-05:00,117.6,117.6,117.4955,117.59,5325.0,90.0,117.544942
UPRO,2025-12-10 14:21:00-05:00,117.61,117.6201,117.46,117.52,4928.0,83.0,117.536607
UPRO,2025-12-10 14:22:00-05:00,117.4858,117.5,117.23,117.41,19509.0,227.0,117.384016
UPRO,2025-12-10 14:23:00-05:00,117.42,117.42,117.21,117.24,14214.0,185.0,117.271421
UPRO,2025-12-10 14:24:00-05:00,117.23,117.23,117.04,117.05,6821.0,126.0,117.130479
UPRO,2025-12-10 14:25:00-05:00,117.1,117.23,117.07,117.147,25720.0,198.0,117.170603
UPRO,2025-12-10 14:26:00-05:00,117.13,117.16,116.98,117.0264,9661.0,166.0,117.043882
UPRO,2025-12-10 14:27:00-05:00,117.11,117.11,116.85,116.85,5418.0,84.0,116.974947
UPRO,2025-12-10 14:28:00-05:00,116.82,116.87,116.69,116.87,8112.0,172.0,116.765507
UPRO,2025-12-10 14:29:00-05:00,116.9787,117.16,116.86,117.16,14334.0,195.0,116.980983
UPRO,2025-12-10 14:30:00-05:00,117.18,117.429,117.14,117.41,20676.0,296.0,117.315245
UPRO,2025-12-10 14:31:00-05:00,117.39,117.44,117.1,117.44,17027.0,236.0,117.256381
UPRO,2025-12-10 14:32:00-05:00,117.47,117.69,117.46,117.6,29849.0,381.0,117.614542
UPRO,2025-12-10 14:33:00-05:00,117.66,117.88,117.66,117.7822,28017.0,468.0,117.79607
UPRO,2025-12-10 14:34:00-05:00,117.8113,118.22,117.8113,118.08,31646.0,503.0,118.111596
UPRO,2025-12-10 14:35:00-05:00,118.1,118.52,117.9,118.26,108248.0,1429.0,118.343462
UPRO,2025-12-10 14:36:00-05:00,118.41,118.49,117.76,117.84,94936.0,1698.0,118.045587
UPRO,2025-12-10 14:37:00-05:00,117.72,117.91,117.54,117.81,34358.0,539.0,117.796019
UPRO,2025-12-10 14:38:00-05:00,117.82,118.2125,117.82,117.99,39346.0,557.0,118.106292
UPRO,2025-12-10 14:39:00-05:00,118.06,118.2999,118.05,118.1,27806.0,321.0,118.174404
UPRO,2025-12-10 14:40:00-05:00,118.13,118.23,117.1608,117.3468,144453.0,2726.0,117.723467
UPRO,2025-12-10 14:41:00-05:00,117.34,117.38,116.9573,117.18,51281.0,837.0,117.173063
UPRO,2025-12-10 14:42:00-05:00,117.13,117.24,116.76,117.2,37122.0,333.0,116.921697
UPRO,2025-12-10 14:43:00-05:00,117.18,117.38,117.18,117.2,16011.0,125.0,117.30091
UPRO,2025-12-10 14:44:00-05:00,117.05,117.34,116.998,117.295,7959.0,124.0,117.069441
UPRO,2025-12-10 14:45:00-05:00,117.24,117.84,117.24,117.61,37530.0,450.0,117.465234
UPRO,2025-12-10 14:46:00-05:00,117.66,118.0,117.64,117.755,12115.0,107.0,117.86721
UPRO,2025-12-10 14:47:00-05:00,117.79,118.0,117.6,117.69,14548.0,190.0,117.772147
UPRO,2025-12-10 14:48:00-05:00,117.74,117.86,117.62,117.86,12125.0,129.0,117.759702
UPRO,2025-12-10 14:49:00-05:00,117.81,117.92,117.8,117.893,6666.0,77.0,117.857562
UPRO,2025-12-10 14:50:00-05:00,117.68,117.89,117.63,117.87,34145.0,213.0,117.801838
UPRO,2025-12-10 14:51:00-05:00,117.935,118.3,117.935,118.1,15621.0,192.0,118.120416
UPRO,2025-12-10 14:52:00-05:00,118.14,118.45,118.14,118.44,12629.0,144.0,118.33733
UPRO,2025-12-10 14:53:00-05:00,118.43,118.58,118.4,118.5628,19742.0,213.0,118.492455
UPRO,2025-12-10 14:54:00-05:00,118.6,118.86,118.6,118.6457,57319.0,787.0,118.774453
UPRO,2025-12-10 14:55:00-05:00,118.68,118.9,118.678,118.8,26103.0,351.0,118.777051
UPRO,2025-12-10 14:56:00-05:00,118.76,118.93,118.76,118.9214,17895.0,238.0,118.859036
UPRO,2025-12-10 14:57:00-05:00,118.94,119.02,118.79,118.91,267217.0,4209.0,118.916441
UPRO,2025-12-10 14:58:00-05:00,118.94,119.1299,118.93,119.09,11613.0,136.0,119.067775
UPRO,2025-12-10 14:59:00-05:00,119.09,119.11,118.94,119.06,10209.0,109.0,119.058912
UPRO,2025-12-10 15:00:00-05:00,119.11,119.215,118.76,118.76,37928.0,329.0,119.042278
UPRO,2025-12-10 15:01:00-05:00,118.765,118.88,118.72,118.7939,14640.0,190.0,118.781419
UPRO,2025-12-10 15:02:00-05:00,118.73,119.05,118.73,119.019,7751.0,98.0,118.899434
UPRO,2025-12-10 15:03:00-05:00,119.0899,119.17,119.0,119.02,13705.0,206.0,119.063432
UPRO,2025-12-10 15:04:00-05:00,119.06,119.35,119.0553,119.2499,41304.0,277.0,119.238049
UPRO,2025-12-10 15:05:00-05:00,119.23,119.331,119.19,119.28,27336.0,210.0,119.268607
UPRO,2025-12-10 15:06:00-05:00,119.3163,119.34,119.16,119.16,17596.0,145.0,119.279841
UPRO,2025-12-10 15:07:00-05:00,119.19,119.235,118.99,119.235,76407.0,371.0,119.179892
UPRO,2025-12-10 15:08:00-05:00,119.2067,119.32,119.2067,119.32,10609.0,150.0,119.271404
UPRO,2025-12-10 15:09:00-05:00,119.3545,119.38,119.23,119.33,8839.0,105.0,119.277296
UPRO,2025-12-10 15:10:00-05:00,119.3148,119.3658,119.13,119.21,11343.0,165.0,119.228711
UPRO,2025-12-10 15:11:00-05:00,119.23,119.28,119.109,119.15,7930.0,79.0,119.160137
UPRO,2025-12-10 15:12:00-05:00,119.25,119.405,119.22,119.3699,11952.0,144.0,119.318247
UPRO,2025-12-10 15:13:00-05:00,119.38,119.46,119.35,119.35,15439.0,205.0,119.406564
UPRO,2025-12-10 15:14:00-05:00,119.4,119.43,119.36,119.38,9449.0,116.0,119.396371
UPRO,2025-12-10 15:15:00-05:00,119.39,119.41,119.21,119.22,16242.0,218.0,119.333455
UPRO,2025-12-10 15:16:00-05:00,119.2,119.45,119.18,119.33,68284.0,783.0,119.277316
UPRO,2025-12-10 15:17:00-05:00,119.32,119.38,119.29,119.32,9149.0,135.0,119.334174
UPRO,2025-12-10 15:18:00-05:00,119.31,119.36,119.17,119.2,20025.0,205.0,119.251051
UPRO,2025-12-10 15:19:00-05:00,119.15,119.33,119.145,119.26,13190.0,172.0,119.261975
UPRO,2025-12-10 15:20:00-05:00,119.24,119.54,119.18,119.28,43716.0,480.0,119.398823
UPRO,2025-12-10 15:21:00-05:00,119.28,119.47,119.28,119.4601,24311.0,289.0,119.384983
UPRO,2025-12-10 15:22:00-05:00,119.4799,119.5,119.2634,119.28,10382.0,146.0,119.377589
UPRO,2025-12-10 15:23:00-05:00,119.28,119.3899,119.1,119.1759,9131.0,141.0,119.204054
UPRO,2025-12-10 15:24:00-05:00,119.13,119.15,119.0687,119.1454,11993.0,102.0,119.118129
UPRO,2025-12-10 15:25:00-05:00,119.1,119.33,119.03,119.3,13385.0,166.0,119.173909
UPRO,2025-12-10 15:26:00-05:00,119.3,119.42,119.26,119.32,13228.0,140.0,119.339034
UPRO,2025-12-10 15:27:00-05:00,119.33,119.39,119.31,119.33,7173.0,95.0,119.357926
UPRO,2025-12-10 15:28:00-05:00,119.33,119.35,119.21,119.28,10957.0,132.0,119.263753
UPRO,2025-12-10 15:29:00-05:00,119.2,119.23,119.16,119.22,4562.0,63.0,119.197306
UPRO,2025-12-10 15:30:00-05:00,119.17,119.28,119.115,119.25,6413.0,117.0,119.196316
UPRO,2025-12-10 15:31:00-05:00,119.31,119.35,119.21,119.35,8093.0,102.0,119.292753
UPRO,2025-12-10 15:32:00-05:00,119.32,119.5127,119.29,119.5127,5997.0,111.0,119.424745
UPRO,2025-12-10 15:33:00-05:00,119.52,119.6,119.5,119.59,12745.0,177.0,119.551798
UPRO,2025-12-10 15:34:00-05:00,119.595,119.6291,119.475,119.475,37778.0,431.0,119.531532
UPRO,2025-12-10 15:35:00-05:00,119.48,119.54,119.425,119.45,34969.0,318.0,119.495021
UPRO,2025-12-10 15:36:00-05:00,119.46,119.48,119.38,119.4001,9914.0,104.0,119.42842
UPRO,2025-12-10 15:37:00-05:00,119.4,119.52,119.39,119.52,8986.0,96.0,119.425418
UPRO,2025-12-10 15:38:00-05:00,119.55,119.59,119.52,119.52,5025.0,90.0,119.558889
UPRO,2025-12-10 15:39:00-05:00,119.5,119.56,119.42,119.48,5557.0,74.0,119.476411
UPRO,2025-12-10 15:40:00-05:00,119.49,119.54,119.36,119.36,7141.0,126.0,119.439703
UPRO,2025-12-10 15:41:00-05:00,119.36,119.38,119.32,119.34,8668.0,114.0,119.344759
UPRO,2025-12-10 15:42:00-05:00,119.35,119.4,119.25,119.3301,25475.0,271.0,119.320031
UPRO,2025-12-10 15:43:00-05:00,119.32,119.32,119.27,119.27,8605.0,114.0,119.295761
UPRO,2025-12-10 15:44:00-05:00,119.28,119.33,119.28,119.29,9133.0,94.0,119.316504
UPRO,2025-12-10 15:45:00-05:00,119.35,119.48,119.35,119.39,45410.0,184.0,119.399209
UPRO,2025-12-10 15:46:00-05:00,119.39,119.45,119.36,119.42,9314.0,106.0,119.420597
UPRO,2025-12-10 15:47:00-05:00,119.4,119.4,119.3,119.3,7554.0,118.0,119.335462
UPRO,2025-12-10 15:48:00-05:00,119.29,119.29,119.22,119.2457,17541.0,136.0,119.257808
UPRO,2025-12-10 15:49:00-05:00,119.23,119.26,119.17,119.26,7660.0,131.0,119.206757
UPRO,2025-12-10 15:50:00-05:00,119.26,119.3695,119.18,119.21,22391.0,384.0,119.275183
UPRO,2025-12-10 15:51:00-05:00,119.2441,119.2456,119.04,119.05,20381.0,323.0,119.107217
UPRO,2025-12-10 15:52:00-05:00,119.09,119.16,119.065,119.0799,13975.0,378.0,119.104043
UPRO,2025-12-10 15:53:00-05:00,119.08,119.15,119.015,119.12,18869.0,374.0,119.094278
UPRO,2025-12-10 15:54:00-05:00,119.13,119.17,118.98,119.17,58408.0,564.0,119.032818
UPRO,2025-12-10 15:55:00-05:00,119.17,119.24,119.03,119.06,47215.0,457.0,119.117009
UPRO,2025-12-10 15:56:00-05:00,119.072,119.075,118.9701,118.9745,17315.0,221.0,119.02515
UPRO,2025-12-10 15:57:00-05:00,118.97,118.98,118.85,118.86,37382.0,339.0,118.932427
UPRO,2025-12-10 15:58:00-05:00,118.9,118.96,118.85,118.9,33851.0,308.0,118.896899
UPRO,2025-12-10 15:59:00-05:00,118.91,118.94,118.72,118.85,117699.0,710.0,118.825982
UPRO,2025-12-11 09:30:00-05:00,117.6,117.72,117.35,117.35,64599.0,533.0,117.614751
UPRO,2025-12-11 09:31:00-05:00,117.33,117.523,117.3,117.5,21080.0,247.0,117.366925
UPRO,2025-12-11 09:32:00-05:00,117.505,117.595,117.35,117.55,35584.0,483.0,117.523377
UPRO,2025-12-11 09:33:00-05:00,117.55,117.6,117.4,117.4,16273.0,251.0,117.509768
UPRO,2025-12-11 09:34:00-05:00,117.41,117.5755,117.2901,117.36,18101.0,187.0,117.356812
UPRO,2025-12-11 09:35:00-05:00,117.38,117.655,117.3498,117.655,24165.0,388.0,117.509361
UPRO,2025-12-11 09:36:00-05:00,117.64,117.6999,117.56,117.6599,19325.0,240.0,117.616333
UPRO,2025-12-11 09:37:00-05:00,117.63,117.7698,117.58,117.75,24199.0,358.0,117.657563
UPRO,2025-12-11 09:38:00-05:00,117.74,117.95,117.73,117.8113,21964.0,359.0,117.888393
UPRO,2025-12-11 09:39:00-05:00,117.85,117.9395,117.7097,117.7097,13551.0,140.0,117.824772
UPRO,2025-12-11 09:40:00-05:00,117.69,117.79,117.62,117.7001,23292.0,357.0,117.698742
UPRO,2025-12-11 09:41:00-05:00,117.69,117.75,117.61,117.64,15342.0,285.0,117.676075
UPRO,2025-12-11 09:42:00-05:00,117.63,117.87,117.5,117.8,38806.0,480.0,117.778749
UPRO,2025-12-11 09:43:00-05:00,117.85,117.87,117.63,117.76,19057.0,274.0,117.748708
UPRO,2025-12-11 09:44:00-05:00,117.7499,117.9,117.7499,117.8599,9524.0,176.0,117.85397
UPRO,2025-12-11 09:45:00-05:00,117.83,117.9,117.51,117.58,56789.0,923.0,117.659269
UPRO,2025-12-11 09:46:00-05:00,117.54,117.68,117.49,117.51,16937.0,361.0,117.596872
UPRO,2025-12-11 09:47:00-05:00,117.4704,117.55,117.25,117.28,17152.0,290.0,117.434302
UPRO,2025-12-11 09:48:00-05:00,117.25,117.26,117.18,117.18,10131.0,198.0,117.231077
UPRO,2025-12-11 09:49:00-05:00,117.1,117.105,116.84,116.8599,28959.0,374.0,116.967581
UPRO,2025-12-11 09:50:00-05:00,116.81,116.83,116.59,116.59,26640.0,429.0,116.703547
UPRO,2025-12-11 09:51:00-05:00,116.64,116.8056,116.59,116.775,35402.0,491.0,116.700933
UPRO,2025-12-11 09:52:00-05:00,116.74,116.89,116.63,116.63,16100.0,203.0,116.767657
UPRO,2025-12-11 09:53:00-05:00,116.57,116.6101,116.4,116.44,30282.0,321.0,116.49068
UPRO,2025-12-11 09:54:00-05:00,116.4499,116.4529,116.3,116.32,19351.0,315.0,116.377561
UPRO,2025-12-11 09:55:00-05:00,116.3,116.61,116.25,116.46,25669.0,417.0,116.4401
UPRO,2025-12-11 09:56:00-05:00,116.42,116.43,116.17,116.17,22692.0,317.0,116.310225
UPRO,2025-12-11 09:57:00-05:00,116.22,116.3,116.16,116.3,12399.0,225.0,116.213823
UPRO,2025-12-11 09:58:00-05:00,116.31,116.47,116.28,116.3399,43023.0,555.0,116.353184
UPRO,2025-12-11 09:59:00-05:00,116.32,116.4013,116.19,116.3,10501.0,210.0,116.291909
UPRO,2025-12-11 10:00:00-05:00,116.26,116.331,116.07,116.28,37211.0,599.0,116.203969
UPRO,2025-12-11 10:01:00-05:00,116.37,116.43,116.2387,116.3435,27600.0,401.0,116.343563
UPRO,2025-12-11 10:02:00-05:00,116.4,116.4,116.22,116.4,12540.0,277.0,116.296817
UPRO,2025-12-11 10:03:00-05:00,116.385,116.63,116.385,116.63,46455.0,271.0,116.544674
UPRO,2025-12-11 10:04:00-05:00,116.65,116.71,116.61,116.68,22199.0,241.0,116.672284
UPRO,2025-12-11 10:05:00-05:00,116.63,116.83,116.63,116.83,18770.0,218.0,116.719358
UPRO,2025-12-11 10:06:00-05:00,116.88,116.9028,116.77,116.9028,14818.0,181.0,116.857287
UPRO,2025-12-11 10:07:00-05:00,116.91,117.11,116.91,117.11,22101.0,198.0,116.96687
UPRO,2025-12-11 10:08:00-05:00,117.12,117.3,117.12,117.3,28742.0,326.0,117.180408
UPRO,2025-12-11 10:09:00-05:00,117.33,117.4,117.239,117.3855,13887.0,180.0,117.316722
UPRO,2025-12-11 10:10:00-05:00,117.39,117.41,117.21,117.21,12495.0,179.0,117.283283
UPRO,2025-12-11 10:11:00-05:00,117.17,117.47,117.11,117.47,11719.0,199.0,117.305623
UPRO,2025-12-11 10:12:00-05:00,117.48,117.67,117.46,117.64,17409.0,267.0,117.531361
UPRO,2025-12-11 10:13:00-05:00,117.7,117.7399,117.59,117.59,30548.0,360.0,117.683818
UPRO,2025-12-11 10:14:00-05:00,117.58,117.695,117.56,117.56,11142.0,136.0,117.618535
UPRO,2025-12-11 10:15:00-05:00,117.53,117.63,117.5,117.51,13381.0,211.0,117.572467
UPRO,2025-12-11 10:16:00-05:00,117.51,117.57,117.37,117.4599,12869.0,225.0,117.443011
UPRO,2025-12-11 10:17:00-05:00,117.47,117.69,117.47,117.69,12764.0,150.0,117.626848
UPRO,2025-12-11 10:18:00-05:00,117.69,117.73,117.63,117.63,9279.0,144.0,117.711221
UPRO,2025-12-11 10:19:00-05:00,117.64,117.77,117.62,117.77,13347.0,118.0,117.663757
UPRO,2025-12-11 10:20:00-05:00,117.79,117.87,117.75,117.83,12248.0,196.0,117.811417
UPRO,2025-12-11 10:21:00-05:00,117.85,118.0399,117.79,118.03,31947.0,499.0,117.926532
UPRO,2025-12-11 10:22:00-05:00,118.04,118.1799,118.03,118.12,21828.0,365.0,118.106159
UPRO,2025-12-11 10:23:00-05:00,118.07,118.2,118.05,118.2,19284.0,259.0,118.123769
UPRO,2025-12-11 10:24:00-05:00,118.2,118.32,118.19,118.3,15375.0,222.0,118.273606
UPRO,2025-12-11 10:25:00-05:00,118.3,118.3224,118.11,118.11,11060.0,176.0,118.222565
UPRO,2025-12-11 10:26:00-05:00,118.15,118.31,118.15,118.26,7920.0,115.0,118.265953
UPRO,2025-12-11 10:27:00-05:00,118.278,118.41,118.26,118.36,15416.0,135.0,118.358815
UPRO,2025-12-11 10:28:00-05:00,118.39,118.4655,118.33,118.33,14493.0,152.0,118.401668
UPRO,2025-12-11 10:29:00-05:00,118.338,118.345,118.15,118.195,9398.0,149.0,118.223048
UPRO,2025-12-11 10:30:00-05:00,118.195,118.2942,118.06,118.12,17486.0,279.0,118.163596
UPRO,2025-12-11 10:31:00-05:00,118.12,118.14,118.06,118.12,10174.0,164.0,118.09771
UPRO,2025-12-11 10:32:00-05:00,118.09,118.28,118.04,118.25,8549.0,198.0,118.173936
UPRO,2025-12-11 10:33:00-05:00,118.2,118.261,118.14,118.18,20497.0,320.0,118.207356
UPRO,2025-12-11 10:34:00-05:00,118.1712,118.26,118.04,118.05,8764.0,151.0,118.16208
UPRO,2025-12-11 10:35:00-05:00,118.03,118.05,117.93,118.0301,51340.0,362.0,117.961923
UPRO,2025-12-11 10:36:00-05:00,118.0199,118.0199,117.87,117.92,9151.0,189.0,117.926662
UPRO,2025-12-11 10:37:00-05:00,117.93,117.9535,117.8001,117.91,11883.0,234.0,117.885132
UPRO,2025-12-11 10:38:00-05:00,117.8748,118.01,117.85,118.01,4759.0,114.0,117.930568
UPRO,2025-12-11 10:39:00-05:00,118.05,118.17,118.05,118.17,5892.0,133.0,118.136773
UPRO,2025-12-11 10:40:00-05:00,118.12,118.12,117.86,117.86,9208.0,212.0,117.973261
UPRO,2025-12-11 10:41:00-05:00,117.84,117.97,117.81,117.97,7176.0,187.0,117.88034
UPRO,2025-12-11 10:42:00-05:00,117.95,118.02,117.87,117.87,4562.0,143.0,117.963625
UPRO,2025-12-11 10:43:00-05:00,117.92,117.96,117.86,117.93,4776.0,151.0,117.9114
UPRO,2025-12-11 10:44:00-05:00,117.87,117.95,117.77,117.95,5537.0,163.0,117.828341
UPRO,2025-12-11 10:45:00-05:00,117.91,118.125,117.91,118.11,5641.0,142.0,118.041486
UPRO,2025-12-11 10:46:00-05:00,118.0901,118.14,117.9499,117.959,8349.0,142.0,118.055138
UPRO,2025-12-11 10:47:00-05:00,117.89,117.9,117.71,117.72,13342.0,316.0,117.798727
UPRO,2025-12-11 10:48:00-05:00,117.7,117.71,117.53,117.5399,16557.0,266.0,117.608885
UPRO,2025-12-11 10:49:00-05:00,117.5,117.5501,117.43,117.52,13566.0,251.0,117.490314
UPRO,2025-12-11 10:50:00-05:00,117.42,117.51,117.21,117.21,13914.0,313.0,117.376061
UPRO,2025-12-11 10:51:00-05:00,117.2249,117.2249,117.05,117.15,7026.0,238.0,117.139505
UPRO,2025-12-11 10:52:00-05:00,117.2,117.42,117.17,117.31,6770.0,182.0,117.256789
UPRO,2025-12-11 10:53:00-05:00,117.3321,117.5,117.3321,117.48,11845.0,181.0,117.43661
UPRO,2025-12-11 10:54:00-05:00,117.56,117.62,117.515,117.56,10820.0,190.0,117.574565
UPRO,2025-12-11 10:55:00-05:00,117.6,117.8,117.56,117.77,11725.0,177.0,117.709682
UPRO,2025-12-11 10:56:00-05:00,117.83,117.97,117.83,117.89,10901.0,192.0,117.926351
UPRO,2025-12-11 10:57:00-05:00,117.77,117.9,117.73,117.8717,6648.0,149.0,117.818045
UPRO,2025-12-11 10:58:00-05:00,117.908,117.93,117.85,117.89,7362.0,160.0,117.893292
UPRO,2025-12-11 10:59:00-05:00,117.94,117.97,117.89,117.91,10304.0,166.0,117.925751
UPRO,2025-12-11 11:00:00-05:00,117.88,118.13,117.65,117.85,82251.0,1288.0,117.921343
UPRO,2025-12-11 11:01:00-05:00,117.85,117.87,117.73,117.8,5359.0,134.0,117.775944
UPRO,2025-12-11 11:02:00-05:00,117.81,117.82,117.76,117.765,4214.0,136.0,117.781429
UPRO,2025-12-11 11:03:00-05:00,117.835,117.94,117.835,117.91,4742.0,97.0,117.914472
UPRO,2025-12-11 11:04:00-05:00,117.9913,118.04,117.9039,117.9039,6673.0,127.0,117.984755
UPRO,2025-12-11 11:05:00-05:00,117.9491,117.97,117.6599,117.6599,7103.0,129.0,117.823953
UPRO,2025-12-11 11:06:00-05:00,117.58,117.78,117.58,117.735,6547.0,154.0,117.684721
UPRO,2025-12-11 11:07:00-05:00,117.72,117.87,117.72,117.8,3836.0,95.0,117.806582
UPRO,2025-12-11 11:08:00-05:00,117.73,117.79,117.7,117.7,34189.0,152.0,117.785962
UPRO,2025-12-11 11:09:00-05:00,117.6402,117.6402,117.53,117.5478,7199.0,111.0,117.572287
UPRO,2025-12-11 11:10:00-05:00,117.57,117.57,117.495,117.495,6217.0,136.0,117.526197
UPRO,2025-12-11 11:11:00-05:00,117.61,117.73,117.61,117.7,4153.0,106.0,117.67186
UPRO,2025-12-11 11:12:00-05:00,117.65,117.67,117.567,117.567,2619.0,90.0,117.612186
UPRO,2025-12-11 11:13:00-05:00,117.66,117.67,117.63,117.65,4793.0,87.0,117.654169
UPRO,2025-12-11 11:14:00-05:00,117.63,117.82,117.63,117.78,6371.0,110.0,117.788884
UPRO,2025-12-11 11:15:00-05:00,117.7356,117.7401,117.61,117.61,4361.0,111.0,117.719011
UPRO,2025-12-11 11:16:00-05:00,117.68,117.68,117.6055,117.6055,2506.0,93.0,117.64362
UPRO,2025-12-11 11:17:00-05:00,117.57,117.58,117.5029,117.5029,2885.0,89.0,117.558933
UPRO,2025-12-11 11:18:00-05:00,117.46,117.6,117.45,117.55,3662.0,88.0,117.524879
UPRO,2025-12-11 11:19:00-05:00,117.65,117.65,117.58,117.58,3878.0,107.0,117.614218
UPRO,2025-12-11 11:20:00-05:00,117.61,117.61,117.471,117.5301,4241.0,111.0,117.515077
UPRO,2025-12-11 11:21:00-05:00,117.6,117.7,117.6,117.7,7052.0,103.0,117.653463
UPRO,2025-12-11 11:22:00-05:00,117.75,117.802,117.7002,117.7002,6008.0,101.0,117.747661
UPRO,2025-12-11 11:23:00-05:00,117.59,117.81,117.59,117.81,3090.0,78.0,117.690006
UPRO,2025-12-11 11:24:00-05:00,117.82,117.9299,117.82,117.88,6849.0,137.0,117.877993
UPRO,2025-12-11 11:25:00-05:00,117.89,117.89,117.54,117.54,7648.0,138.0,117.720349
UPRO,2025-12-11 11:26:00-05:00,117.6199,117.68,117.565,117.57,6121.0,151.0,117.618836
UPRO,2025-12-11 11:27:00-05:00,117.55,117.58,117.49,117.49,7186.0,161.0,117.539496
UPRO,2025-12-11 11:28:00-05:00,117.48,117.48,117.35,117.3699,8627.0,148.0,117.376622
UPRO,2025-12-11 11:29:00-05:00,117.29,117.3701,117.25,117.34,6737.0,121.0,117.277784
UPRO,2025-12-11 11:30:00-05:00,117.34,117.5945,117.34,117.5701,7170.0,184.0,117.501742
UPRO,2025-12-11 11:31:00-05:00,117.62,117.68,117.47,117.4799,8818.0,137.0,117.603398
UPRO,2025-12-11 11:32:00-05:00,117.39,117.52,117.39,117.51,9308.0,169.0,117.445075
UPRO,2025-12-11 11:33:00-05:00,117.5501,117.64,117.51,117.63,3328.0,91.0,117.579451
UPRO,2025-12-11 11:34:00-05:00,117.6691,117.71,117.6533,117.71,3917.0,73.0,117.687427
UPRO,2025-12-11 11:35:00-05:00,117.71,117.75,117.6455,117.67,9357.0,191.0,117.680119
UPRO,2025-12-11 11:36:00-05:00,117.63,117.78,117.62,117.78,4277.0,79.0,117.726563
UPRO,2025-12-11 11:37:00-05:00,117.8,117.9056,117.8,117.88,5296.0,100.0,117.846485
UPRO,2025-12-11 11:38:00-05:00,117.86,117.87,117.82,117.87,5958.0,115.0,117.843725
UPRO,2025-12-11 11:39:00-05:00,117.9,117.9099,117.87,117.87,3037.0,71.0,117.891806
UPRO,2025-12-11 11:40:00-05:00,117.91,118.055,117.88,118.055,6444.0,108.0,117.992573
UPRO,2025-12-11 11:41:00-05:00,118.0902,118.3,118.09,118.29,8650.0,145.0,118.178582
UPRO,2025-12-11 11:42:00-05:00,118.245,118.3956,118.24,118.38,10399.0,169.0,118.321669
UPRO,2025-12-11 11:43:00-05:00,118.41,118.42,118.33,118.37,6857.0,114.0,118.392899
UPRO,2025-12-11 11:44:00-05:00,118.33,118.37,118.24,118.24,4832.0,99.0,118.32054
UPRO,2025-12-11 11:45:00-05:00,118.3,118.41,118.3,118.3745,6077.0,112.0,118.362177
UPRO,2025-12-11 11:46:00-05:00,118.3801,118.57,118.3801,118.5,17090.0,165.0,118.50575
UPRO,2025-12-11 11:47:00-05:00,118.52,118.55,118.26,118.26,6165.0,119.0,118.424304
UPRO,2025-12-11 11:48:00-05:00,118.22,118.3,118.1948,118.2,8927.0,189.0,118.250033
UPRO,2025-12-11 11:49:00-05:00,118.2,118.3,118.15,118.24,7771.0,157.0,118.238358
UPRO,2025-12-11 11:50:00-05:00,118.25,118.29,118.0986,118.2,13041.0,260.0,118.174748
UPRO,2025-12-11 11:51:00-05:00,118.17,118.21,118.1235,118.17,7207.0,140.0,118.159404
UPRO,2025-12-11 11:52:00-05:00,118.13,118.13,118.035,118.035,10500.0,168.0,118.078135
UPRO,2025-12-11 11:53:00-05:00,118.03,118.03,117.77,117.8,18244.0,277.0,117.847849
UPRO,2025-12-11 11:54:00-05:00,117.78,117.78,117.64,117.6613,9509.0,175.0,117.697258
UPRO,2025-12-11 11:55:00-05:00,117.75,117.75,117.55,117.57,17378.0,281.0,117.625741
UPRO,2025-12-11 11:56:00-05:00,117.55,117.63,117.46,117.53,21987.0,299.0,117.515179
UPRO,2025-12-11 11:57:00-05:00,117.49,117.54,117.46,117.51,8622.0,150.0,117.493771
UPRO,2025-12-11 11:58:00-05:00,117.49,117.7,117.47,117.66,8531.0,190.0,117.62112
UPRO,2025-12-11 11:59:00-05:00,117.59,117.8,117.57,117.7901,10488.0,221.0,117.678713
UPRO,2025-12-11 12:00:00-05:00,117.76,117.99,117.74,117.9,29512.0,434.0,117.902995
UPRO,2025-12-11 12:01:00-05:00,117.93,117.97,117.87,117.95,9028.0,162.0,117.92625
UPRO,2025-12-11 12:02:00-05:00,117.93,118.01,117.82,117.89,7112.0,119.0,117.947536
UPRO,2025-12-11 12:03:00-05:00,117.975,118.01,117.9334,118.0,4583.0,77.0,117.985592
UPRO,2025-12-11 12:04:00-05:00,118.04,118.1,118.0,118.0,8056.0,75.0,118.060708
UPRO,2025-12-11 12:05:00-05:00,118.09,118.09,118.05,118.05,7775.0,106.0,118.072854
UPRO,2025-12-11 12:06:00-05:00,118.06,118.08,117.9516,118.07,8751.0,114.0,117.988835
UPRO,2025-12-11 12:07:00-05:00,118.0682,118.11,118.045,118.06,2306.0,55.0,118.079179
UPRO,2025-12-11 12:08:00-05:00,118.0999,118.11,118.04,118.055,8573.0,83.0,118.081305
UPRO,2025-12-11 12:09:00-05:00,118.0596,118.06,118.02,118.02,4639.0,64.0,118.050661
UPRO,2025-12-11 12:10:00-05:00,118.0652,118.2301,118.06,118.14,9049.0,128.0,118.16002
UPRO,2025-12-11 12:11:00-05:00,118.15,118.22,118.15,118.2,7241.0,84.0,118.203255
UPRO,2025-12-11 12:12:00-05:00,118.19,118.33,118.16,118.3101,16532.0,195.0,118.240771
UPRO,2025-12-11 12:13:00-05:00,118.2999,118.5,118.2999,118.49,20474.0,156.0,118.420122
UPRO,2025-12-11 12:14:00-05:00,118.53,118.58,118.44,118.44,10793.0,138.0,118.510553
UPRO,2025-12-11 12:15:00-05:00,118.43,118.43,118.3701,118.42,7693.0,107.0,118.402675
UPRO,2025-12-11 12:16:00-05:00,118.4846,118.61,118.4846,118.61,3633.0,56.0,118.520263
UPRO,2025-12-11 12:17:00-05:00,118.6,118.6,118.46,118.51,11132.0,102.0,118.508993
UPRO,2025-12-11 12:18:00-05:00,118.53,118.56,118.49,118.495,4223.0,61.0,118.531322
UPRO,2025-12-11 12:19:00-05:00,118.49,118.55,118.43,118.52,32705.0,45.0,118.518876
UPRO,2025-12-11 12:20:00-05:00,118.61,118.66,118.61,118.63,8104.0,97.0,118.642884
UPRO,2025-12-11 12:21:00-05:00,118.6101,118.74,118.6101,118.65,13870.0,131.0,118.688257
UPRO,2025-12-11 12:22:00-05:00,118.65,118.72,118.63,118.71,2858.0,68.0,118.659752
UPRO,2025-12-11 12:23:00-05:00,118.73,118.845,118.73,118.845,8655.0,114.0,118.771617
UPRO,2025-12-11 12:24:00-05:00,118.845,118.9199,118.8387,118.8387,10850.0,119.0,118.874509
UPRO,2025-12-11 12:25:00-05:00,118.875,119.05,118.86,118.9455,57669.0,430.0,118.960058
UPRO,2025-12-11 12:26:00-05:00,118.88,118.93,118.85,118.929,9109.0,127.0,118.87498
UPRO,2025-12-11 12:27:00-05:00,118.92,118.9218,118.71,118.71,6058.0,83.0,118.836301
UPRO,2025-12-11 12:28:00-05:00,118.73,118.78,118.68,118.75,4571.0,99.0,118.75673
UPRO,2025-12-11 12:29:00-05:00,118.78,118.795,118.74,118.77,8677.0,123.0,118.76599
UPRO,2025-12-11 12:30:00-05:00,118.78,118.95,118.78,118.95,7713.0,96.0,118.871087
UPRO,2025-12-11 12:31:00-05:00,118.92,118.92,118.8556,118.875,7697.0,108.0,118.89845
UPRO,2025-12-11 12:32:00-05:00,118.89,118.97,118.88,118.88,3579.0,85.0,118.92405
UPRO,2025-12-11 12:33:00-05:00,118.8248,118.92,118.82,118.89,11006.0,161.0,118.860186
UPRO,2025-12-11 12:34:00-05:00,118.91,118.94,118.86,118.93,11446.0,173.0,118.908029
UPRO,2025-12-11 12:35:00-05:00,118.98,118.98,118.8263,118.8263,9592.0,111.0,118.871807
UPRO,2025-12-11 12:36:00-05:00,118.81,118.9,118.81,118.9,2965.0,58.0,118.827658
UPRO,2025-12-11 12:37:00-05:00,118.9253,119.01,118.8999,119.01,5481.0,86.0,118.934019
UPRO,2025-12-11 12:38:00-05:00,118.96,118.97,118.9086,118.93,4427.0,85.0,118.933028
UPRO,2025-12-11 12:39:00-05:00,118.9,118.97,118.9,118.97,2329.0,49.0,118.949791
UPRO,2025-12-11 12:40:00-05:00,119.01,119.05,118.99,119.0,3615.0,82.0,119.015663
UPRO,2025-12-11 12:41:00-05:00,119.0045,119.08,118.9258,119.06,3606.0,69.0,119.029557
UPRO,2025-12-11 12:42:00-05:00,119.09,119.1175,119.03,119.03,4350.0,65.0,119.084561
UPRO,2025-12-11 12:43:00-05:00,119.01,119.01,118.9107,118.92,4688.0,64.0,118.955865
UPRO,2025-12-11 12:44:00-05:00,118.9297,118.99,118.9297,118.99,2340.0,63.0,118.943901
UPRO,2025-12-11 12:45:00-05:00,118.98,119.05,118.97,119.02,3121.0,63.0,119.005289
UPRO,2025-12-11 12:46:00-05:00,119.03,119.0398,119.01,119.01,2553.0,40.0,119.029632
UPRO,2025-12-11 12:47:00-05:00,118.98,118.98,118.82,118.82,7707.0,130.0,118.897339
UPRO,2025-12-11 12:48:00-05:00,118.8142,118.91,118.76,118.84,12636.0,90.0,118.808759
UPRO,2025-12-11 12:49:00-05:00,118.8187,118.845,118.8,118.8,5233.0,90.0,118.813239
UPRO,2025-12-11 12:50:00-05:00,118.76,118.78,118.68,118.69,7726.0,168.0,118.719705
UPRO,2025-12-11 12:51:00-05:00,118.67,118.77,118.67,118.77,4123.0,96.0,118.697865
UPRO,2025-12-11 12:52:00-05:00,118.76,118.83,118.76,118.83,3387.0,76.0,118.806914
UPRO,2025-12-11 12:53:00-05:00,118.83,118.87,118.76,118.79,6767.0,86.0,118.84257
UPRO,2025-12-11 12:54:00-05:00,118.71,118.83,118.71,118.83,7212.0,89.0,118.780011
UPRO,2025-12-11 12:55:00-05:00,118.84,118.84,118.78,118.78,3689.0,97.0,118.803846
UPRO,2025-12-11 12:56:00-05:00,118.76,118.76,118.66,118.72,2241.0,65.0,118.704558
UPRO,2025-12-11 12:57:00-05:00,118.73,118.73,118.58,118.6,7022.0,156.0,118.645366
UPRO,2025-12-11 12:58:00-05:00,118.61,118.68,118.6,118.6586,3092.0,64.0,118.628967
UPRO,2025-12-11 12:59:00-05:00,118.67,118.73,118.5856,118.71,8861.0,110.0,118.644679
UPRO,2025-12-11 13:00:00-05:00,118.68,118.78,118.68,118.775,3658.0,87.0,118.732519
UPRO,2025-12-11 13:01:00-05:00,118.78,118.85,118.78,118.798,1876.0,56.0,118.821333
UPRO,2025-12-11 13:02:00-05:00,118.837,118.91,118.81,118.91,7275.0,120.0,118.823589
UPRO,2025-12-11 13:03:00-05:00,118.895,119.01,118.895,118.9799,2471.0,51.0,118.974876
UPRO,2025-12-11 13:05:00-05:00,118.955,119.0,118.9301,119.0,6285.0,62.0,118.965581
UPRO,2025-12-11 13:06:00-05:00,119.01,119.01,118.98,119.0001,2084.0,38.0,119.000775
UPRO,2025-12-11 13:07:00-05:00,118.95,119.04,118.95,119.0351,1755.0,47.0,119.005915
UPRO,2025-12-11 13:08:00-05:00,119.01,119.05,119.0,119.01,1940.0,59.0,119.0125
UPRO,2025-12-11 13:09:00-05:00,119.03,119.06,119.03,119.05,2612.0,29.0,119.035262
UPRO,2025-12-11 13:10:00-05:00,119.08,119.13,119.04,119.0501,16936.0,162.0,119.088139
UPRO,2025-12-11 13:11:00-05:00,119.0,119.07,118.99,119.07,2973.0,46.0,119.019142
UPRO,2025-12-11 13:12:00-05:00,119.09,119.15,119.09,119.13,8636.0,93.0,119.133555
UPRO,2025-12-11 13:13:00-05:00,119.1899,119.19,119.1,119.1,8428.0,75.0,119.144249
UPRO,2025-12-11 13:14:00-05:00,119.0901,119.11,119.04,119.1098,6406.0,66.0,119.077884
UPRO,2025-12-11 13:15:00-05:00,119.1,119.11,119.07,119.0899,6949.0,96.0,119.083778
UPRO,2025-12-11 13:16:00-05:00,119.09,119.09,119.01,119.02,3263.0,64.0,119.032224
UPRO,2025-12-11 13:17:00-05:00,119.0,119.04,118.97,119.01,7634.0,103.0,119.015163
UPRO,2025-12-11 13:18:00-05:00,118.99,119.03,118.9756,119.03,3897.0,59.0,119.010062
UPRO,2025-12-11 13:19:00-05:00,119.01,119.0202,119.0,119.0,2907.0,62.0,119.005944
UPRO,2025-12-11 13:20:00-05:00,119.01,119.1,119.01,119.06,1802.0,43.0,119.064189
UPRO,2025-12-11 13:21:00-05:00,119.09,119.15,119.08,119.15,5036.0,57.0,119.132765
UPRO,2025-12-11 13:22:00-05:00,119.16,119.16,119.1,119.12,4281.0,67.0,119.126495
UPRO,2025-12-11 13:23:00-05:00,119.09,119.09,118.91,118.96,8308.0,167.0,118.976288
UPRO,2025-12-11 13:24:00-05:00,119.0,119.09,118.9999,119.0548,14403.0,224.0,119.040889
UPRO,2025-12-11 13:25:00-05:00,119.08,119.1001,119.03,119.085,5286.0,99.0,119.081003
UPRO,2025-12-11 13:26:00-05:00,118.99,118.99,118.81,118.83,16357.0,290.0,118.923024
UPRO,2025-12-11 13:27:00-05:00,118.8,118.96,118.7924,118.96,4071.0,92.0,118.864717
UPRO,2025-12-11 13:28:00-05:00,118.98,118.98,118.88,118.9144,5920.0,87.0,118.917574
UPRO,2025-12-11 13:29:00-05:00,118.9,118.9199,118.9,118.9199,952.0,39.0,118.914214
UPRO,2025-12-11 13:30:00-05:00,118.86,118.95,118.86,118.92,4976.0,90.0,118.910912
UPRO,2025-12-11 13:31:00-05:00,118.9,118.93,118.82,118.82,2315.0,60.0,118.868182
UPRO,2025-12-11 13:32:00-05:00,118.81,118.865,118.78,118.785,15936.0,217.0,118.810638
UPRO,2025-12-11 13:33:00-05:00,118.8,118.87,118.74,118.87,15113.0,207.0,118.803993
UPRO,2025-12-11 13:34:00-05:00,118.89,118.89,118.8,118.88,8261.0,131.0,118.849298
UPRO,2025-12-11 13:35:00-05:00,118.88,119.08,118.88,119.07,12763.0,148.0,119.007344
UPRO,2025-12-11 13:36:00-05:00,119.085,119.18,119.08,119.18,5062.0,97.0,119.134344
UPRO,2025-12-11 13:37:00-05:00,119.2,119.26,119.12,119.16,16745.0,174.0,119.174737
UPRO,2025-12-11 13:38:00-05:00,119.1566,119.2,119.1566,119.1701,6443.0,88.0,119.175211
UPRO,2025-12-11 13:39:00-05:00,119.15,119.25,119.15,119.2363,16050.0,79.0,119.18124
UPRO,2025-12-11 13:40:00-05:00,119.26,119.32,119.26,119.27,10921.0,122.0,119.291863
UPRO,2025-12-11 13:41:00-05:00,119.27,119.2999,119.221,119.2999,6798.0,77.0,119.26084
UPRO,2025-12-11 13:42:00-05:00,119.31,119.33,119.3,119.3199,3548.0,76.0,119.318803
UPRO,2025-12-11 13:43:00-05:00,119.31,119.42,119.295,119.37,6741.0,94.0,119.359161
UPRO,2025-12-11 13:44:00-05:00,119.34,119.36,119.34,119.35,1472.0,46.0,119.35
UPRO,2025-12-11 13:45:00-05:00,119.39,119.41,119.29,119.29,5388.0,68.0,119.318028
UPRO,2025-12-11 13:46:00-05:00,119.3201,119.3801,119.3201,119.3801,4011.0,48.0,119.365513
UPRO,2025-12-11 13:47:00-05:00,119.38,119.38,119.31,119.31,5017.0,57.0,119.340077
UPRO,2025-12-11 13:48:00-05:00,119.29,119.29,119.19,119.2155,4119.0,75.0,119.240211
UPRO,2025-12-11 13:49:00-05:00,119.28,119.33,119.27,119.27,3234.0,59.0,119.292583
UPRO,2025-12-11 13:50:00-05:00,119.28,119.3399,119.26,119.26,2992.0,69.0,119.298843
UPRO,2025-12-11 13:51:00-05:00,119.2,119.23,119.16,119.18,3817.0,79.0,119.193031
UPRO,2025-12-11 13:52:00-05:00,119.19,119.25,119.16,119.25,4966.0,82.0,119.185312
UPRO,2025-12-11 13:53:00-05:00,119.25,119.25,119.14,119.14,6810.0,105.0,119.177086
UPRO,2025-12-11 13:54:00-05:00,119.14,119.14,119.09,119.1,16632.0,157.0,119.114008
UPRO,2025-12-11 13:55:00-05:00,119.11,119.14,119.05,119.14,3250.0,67.0,119.085168
UPRO,2025-12-11 13:56:00-05:00,119.15,119.19,119.14,119.18,7475.0,69.0,119.16964
UPRO,2025-12-11 13:57:00-05:00,119.19,119.19,119.08,119.08,8699.0,100.0,119.116568
UPRO,2025-12-11 13:58:00-05:00,119.03,119.07,119.0,119.06,23160.0,255.0,119.029876
UPRO,2025-12-11 13:59:00-05:00,119.06,119.13,119.06,119.08,39574.0,181.0,119.124471
UPRO,2025-12-11 14:00:00-05:00,119.1,119.18,119.07,119.18,6661.0,158.0,119.12642
UPRO,2025-12-11 14:01:00-05:00,119.1908,119.23,119.16,119.17,6992.0,91.0,119.192662
UPRO,2025-12-11 14:02:00-05:00,119.15,119.27,119.15,119.265,15353.0,118.0,119.203045
UPRO,2025-12-11 14:03:00-05:00,119.27,119.27,119.235,119.24,9773.0,68.0,119.241888
UPRO,2025-12-11 14:04:00-05:00,119.25,119.31,119.25,119.26,10168.0,63.0,119.275575
UPRO,2025-12-11 14:05:00-05:00,119.24,119.24,119.18,119.2,3675.0,74.0,119.20197
UPRO,2025-12-11 14:06:00-05:00,119.1801,119.1801,119.12,119.12,4636.0,56.0,119.165722
UPRO,2025-12-11 14:07:00-05:00,119.15,119.15,119.06,119.06,3486.0,71.0,119.119104
UPRO,2025-12-11 14:08:00-05:00,119.06,119.11,119.03,119.09,2972.0,59.0,119.071936
UPRO,2025-12-11 14:09:00-05:00,119.07,119.14,119.07,119.14,4267.0,76.0,119.102213
UPRO,2025-12-11 14:10:00-05:00,119.18,119.18,119.09,119.11,4489.0,81.0,119.126806
UPRO,2025-12-11 14:11:00-05:00,119.15,119.16,119.1255,119.14,2966.0,55.0,119.150441
UPRO,2025-12-11 14:12:00-05:00,119.15,119.19,119.12,119.12,1932.0,44.0,119.152727
UPRO,2025-12-11 14:13:00-05:00,119.14,119.16,119.105,119.15,1859.0,38.0,119.131154
UPRO,2025-12-11 14:14:00-05:00,119.165,119.24,119.165,119.24,3593.0,70.0,119.203799
UPRO,2025-12-11 14:15:00-05:00,119.23,119.29,119.23,119.28,4948.0,64.0,119.265056
UPRO,2025-12-11 14:16:00-05:00,119.29,119.33,119.29,119.31,6018.0,87.0,119.311222
UPRO,2025-12-11 14:17:00-05:00,119.28,119.36,119.28,119.36,3665.0,48.0,119.324507
UPRO,2025-12-11 14:18:00-05:00,119.355,119.485,119.35,119.47,16304.0,145.0,119.431608
UPRO,2025-12-11 14:19:00-05:00,119.46,119.49,119.415,119.46,7680.0,120.0,119.44151
UPRO,2025-12-11 14:20:00-05:00,119.47,119.47,119.41,119.42,2601.0,54.0,119.445693
UPRO,2025-12-11 14:21:00-05:00,119.41,119.41,119.36,119.37,3769.0,81.0,119.383023
UPRO,2025-12-11 14:22:00-05:00,119.36,119.47,119.36,119.435,10635.0,93.0,119.403698
UPRO,2025-12-11 14:23:00-05:00,119.44,119.44,119.3901,119.3901,2654.0,43.0,119.403091
UPRO,2025-12-11 14:24:00-05:00,119.44,119.51,119.44,119.47,5920.0,77.0,119.469877
UPRO,2025-12-11 14:25:00-05:00,119.46,119.46,119.389,119.39,3587.0,50.0,119.408591
UPRO,2025-12-11 14:26:00-05:00,119.44,119.52,119.42,119.49,46971.0,67.0,119.483013
UPRO,2025-12-11 14:27:00-05:00,119.4615,119.465,119.43,119.44,5065.0,51.0,119.444103
UPRO,2025-12-11 14:28:00-05:00,119.4356,119.46,119.43,119.45,2939.0,29.0,119.451498
UPRO,2025-12-11 14:29:00-05:00,119.45,119.47,119.45,119.47,2840.0,29.0,119.455205
UPRO,2025-12-11 14:30:00-05:00,119.45,119.53,119.45,119.46,2475.0,64.0,119.496869
UPRO,2025-12-11 14:31:00-05:00,119.4601,119.48,119.415,119.4299,10805.0,89.0,119.435466
UPRO,2025-12-11 14:32:00-05:00,119.42,119.49,119.42,119.485,2530.0,54.0,119.46426
UPRO,2025-12-11 14:33:00-05:00,119.4784,119.49,119.45,119.46,2238.0,35.0,119.465759
UPRO,2025-12-11 14:34:00-05:00,119.47,119.5,119.46,119.46,2979.0,30.0,119.482965
UPRO,2025-12-11 14:35:00-05:00,119.4802,119.54,119.4802,119.51,3432.0,75.0,119.516684
UPRO,2025-12-11 14:36:00-05:00,119.5,119.6,119.5,119.55,10037.0,128.0,119.566983
UPRO,2025-12-11 14:37:00-05:00,119.545,119.59,119.5401,119.5744,4329.0,71.0,119.562078
UPRO,2025-12-11 14:38:00-05:00,119.57,119.62,119.55,119.617,4791.0,76.0,119.579584
UPRO,2025-12-11 14:39:00-05:00,119.58,119.58,119.5,119.509,3299.0,72.0,119.527345
UPRO,2025-12-11 14:40:00-05:00,119.51,119.55,119.5,119.54,3690.0,46.0,119.516367
UPRO,2025-12-11 14:41:00-05:00,119.52,119.54,119.52,119.53,1452.0,37.0,119.53125
UPRO,2025-12-11 14:42:00-05:00,119.51,119.59,119.51,119.59,3120.0,39.0,119.560257
UPRO,2025-12-11 14:43:00-05:00,119.575,119.64,119.57,119.61,10429.0,111.0,119.610081
UPRO,2025-12-11 14:44:00-05:00,119.62,119.635,119.62,119.635,2282.0,26.0,119.624818
UPRO,2025-12-11 14:45:00-05:00,119.6244,119.69,119.58,119.61,18946.0,99.0,119.621298
UPRO,2025-12-11 14:46:00-05:00,119.6,119.6199,119.56,119.6199,12447.0,89.0,119.600191
UPRO,2025-12-11 14:47:00-05:00,119.635,119.65,119.62,119.65,3830.0,63.0,119.639048
UPRO,2025-12-11 14:48:00-05:00,119.6499,119.66,119.64,119.6555,1885.0,41.0,119.650986
UPRO,2025-12-11 14:49:00-05:00,119.62,119.65,119.59,119.65,3876.0,52.0,119.618784
UPRO,2025-12-11 14:50:00-05:00,119.7,119.75,119.69,119.71,11723.0,128.0,119.725693
UPRO,2025-12-11 14:51:00-05:00,119.69,119.72,119.685,119.69,4410.0,59.0,119.701088
UPRO,2025-12-11 14:52:00-05:00,119.7,119.71,119.585,119.59,6117.0,118.0,119.655237
UPRO,2025-12-11 14:53:00-05:00,119.5845,119.62,119.57,119.58,11649.0,175.0,119.586702
UPRO,2025-12-11 14:54:00-05:00,119.58,119.59,119.5444,119.57,5952.0,102.0,119.570446
UPRO,2025-12-11 14:55:00-05:00,119.54,119.57,119.535,119.55,6672.0,88.0,119.550861
UPRO,2025-12-11 14:56:00-05:00,119.553,119.64,119.54,119.64,9159.0,99.0,119.580608
UPRO,2025-12-11 14:57:00-05:00,119.63,119.66,119.6,119.64,13050.0,131.0,119.634686
UPRO,2025-12-11 14:58:00-05:00,119.6427,119.65,119.62,119.64,6394.0,84.0,119.632032
UPRO,2025-12-11 14:59:00-05:00,119.65,119.68,119.53,119.55,5031.0,91.0,119.584426
UPRO,2025-12-11 15:00:00-05:00,119.53,119.6599,119.53,119.6355,13012.0,134.0,119.611737
UPRO,2025-12-11 15:01:00-05:00,119.62,119.69,119.62,119.63,4640.0,82.0,119.637985
UPRO,2025-12-11 15:02:00-05:00,119.64,119.69,119.62,119.66,2473.0,67.0,119.656267
UPRO,2025-12-11 15:03:00-05:00,119.67,119.67,119.62,119.65,2579.0,44.0,119.642818
UPRO,2025-12-11 15:04:00-05:00,119.652,119.655,119.65,119.65,3072.0,38.0,119.650833
UPRO,2025-12-11 15:05:00-05:00,119.63,119.63,119.59,119.59,2503.0,43.0,119.618343
UPRO,2025-12-11 15:06:00-05:00,119.5856,119.6,119.54,119.54,55637.0,199.0,119.580605
UPRO,2025-12-11 15:07:00-05:00,119.58,119.59,119.48,119.58,55431.0,646.0,119.545611
UPRO,2025-12-11 15:08:00-05:00,119.57,119.57,119.51,119.56,17980.0,218.0,119.541151
UPRO,2025-12-11 15:09:00-05:00,119.55,119.57,119.54,119.55,3932.0,68.0,119.552637
UPRO,2025-12-11 15:10:00-05:00,119.55,119.56,119.5,119.52,15307.0,139.0,119.538985
UPRO,2025-12-11 15:11:00-05:00,119.52,119.55,119.52,119.52,9464.0,120.0,119.537685
UPRO,2025-12-11 15:12:00-05:00,119.58,119.58,119.55,119.56,2608.0,112.0,119.560887
UPRO,2025-12-11 15:13:00-05:00,119.5399,119.57,119.52,119.52,3758.0,111.0,119.549737
UPRO,2025-12-11 15:14:00-05:00,119.51,119.52,119.46,119.4701,7098.0,117.0,119.476117
UPRO,2025-12-11 15:15:00-05:00,119.4515,119.5243,119.4514,119.5001,7611.0,133.0,119.477971
UPRO,2025-12-11 15:16:00-05:00,119.48,119.53,119.48,119.53,6816.0,116.0,119.517924
UPRO,2025-12-11 15:17:00-05:00,119.495,119.54,119.495,119.51,6053.0,113.0,119.503038
UPRO,2025-12-11 15:18:00-05:00,119.5,119.5,119.48,119.48,3022.0,96.0,119.493756
UPRO,2025-12-11 15:19:00-05:00,119.46,119.4702,119.42,119.46,5955.0,94.0,119.441122
UPRO,2025-12-11 15:20:00-05:00,119.4407,119.495,119.4407,119.46,5928.0,96.0,119.474893
UPRO,2025-12-11 15:21:00-05:00,119.45,119.5,119.4445,119.5,5484.0,99.0,119.457485
UPRO,2025-12-11 15:22:00-05:00,119.51,119.58,119.51,119.54,4602.0,122.0,119.555088
UPRO,2025-12-11 15:23:00-05:00,119.54,119.56,119.4844,119.505,7178.0,134.0,119.530198
UPRO,2025-12-11 15:24:00-05:00,119.48,119.53,119.48,119.51,4689.0,97.0,119.511245
UPRO,2025-12-11 15:25:00-05:00,119.515,119.515,119.435,119.44,6687.0,128.0,119.459745
UPRO,2025-12-11 15:26:00-05:00,119.44,119.44,119.36,119.38,11848.0,145.0,119.382129
UPRO,2025-12-11 15:27:00-05:00,119.3645,119.3645,119.32,119.35,5397.0,122.0,119.339315
UPRO,2025-12-11 15:28:00-05:00,119.36,119.4,119.36,119.4,2965.0,111.0,119.386661
UPRO,2025-12-11 15:29:00-05:00,119.4,119.4,119.31,119.31,2738.0,110.0,119.367675
UPRO,2025-12-11 15:30:00-05:00,119.3145,119.365,119.305,119.3555,6350.0,118.0,119.330991
UPRO,2025-12-11 15:31:00-05:00,119.32,119.3245,119.2,119.22,9294.0,173.0,119.263022
UPRO,2025-12-11 15:32:00-05:00,119.22,119.2555,119.2,119.24,4448.0,105.0,119.230022
UPRO,2025-12-11 15:33:00-05:00,119.28,119.31,119.2601,119.29,10816.0,168.0,119.281815
UPRO,2025-12-11 15:34:00-05:00,119.3,119.31,119.24,119.25,13875.0,176.0,119.269833
UPRO,2025-12-11 15:35:00-05:00,119.255,119.26,119.195,119.205,49566.0,399.0,119.226613
UPRO,2025-12-11 15:36:00-05:00,119.227,119.23,119.16,119.16,6130.0,112.0,119.198149
UPRO,2025-12-11 15:37:00-05:00,119.15,119.2,119.095,119.16,15882.0,222.0,119.159359
UPRO,2025-12-11 15:38:00-05:00,119.16,119.24,119.16,119.22,4780.0,107.0,119.186611
UPRO,2025-12-11 15:39:00-05:00,119.19,119.22,119.18,119.1999,4264.0,97.0,119.206378
UPRO,2025-12-11 15:40:00-05:00,119.19,119.37,119.19,119.28,15519.0,205.0,119.312594
UPRO,2025-12-11 15:41:00-05:00,119.29,119.3799,119.29,119.34,10369.0,177.0,119.326807
UPRO,2025-12-11 15:42:00-05:00,119.35,119.35,119.29,119.29,5962.0,91.0,119.320379
UPRO,2025-12-11 15:43:00-05:00,119.28,119.28,119.23,119.26,11808.0,136.0,119.243751
UPRO,2025-12-11 15:44:00-05:00,119.24,119.335,119.24,119.3,7222.0,114.0,119.295687
UPRO,2025-12-11 15:45:00-05:00,119.29,119.3256,119.25,119.25,7460.0,159.0,119.293531
UPRO,2025-12-11 15:46:00-05:00,119.25,119.27,119.2,119.2,6890.0,136.0,119.244675
UPRO,2025-12-11 15:47:00-05:00,119.17,119.23,119.1485,119.22,5858.0,130.0,119.181265
UPRO,2025-12-11 15:48:00-05:00,119.23,119.2599,119.22,119.2599,5863.0,140.0,119.241888
UPRO,2025-12-11 15:49:00-05:00,119.255,119.255,119.21,119.24,7151.0,168.0,119.237892
UPRO,2025-12-11 15:50:00-05:00,119.31,119.58,119.3,119.58,31481.0,511.0,119.471077
UPRO,2025-12-11 15:51:00-05:00,119.5849,119.62,119.51,119.61,30011.0,521.0,119.570739
UPRO,2025-12-11 15:52:00-05:00,119.63,119.66,119.56,119.56,21783.0,555.0,119.613905
UPRO,2025-12-11 15:53:00-05:00,119.5701,119.59,119.49,119.51,36416.0,629.0,119.53655
UPRO,2025-12-11 15:54:00-05:00,119.52,119.54,119.4,119.4201,40564.0,531.0,119.47853
UPRO,2025-12-11 15:55:00-05:00,119.43,119.47,119.31,119.32,93855.0,857.0,119.41363
UPRO,2025-12-11 15:56:00-05:00,119.305,119.33,119.17,119.23,103547.0,685.0,119.255758
UPRO,2025-12-11 15:57:00-05:00,119.24,119.41,119.22,119.38,55495.0,419.0,119.345472
UPRO,2025-12-11 15:58:00-05:00,119.39,119.555,119.38,119.54,187983.0,1321.0,119.503316
UPRO,2025-12-11 15:59:00-05:00,119.545,119.68,119.46,119.66,231068.0,1663.0,119.537889
